"batch","declaration","source_path","source_line","decision","assumptions","proof_route_and_boundary"
"T2","MolecularDynamics.massOperator_apply","MolecularDynamics/Chapter01/LocalTrajectories.lean","29","accepted_with_explicit_scope","固定质量矩阵的连续线性作用；不要求质量正性","定义展开的坐标桥接"
"T2","MolecularDynamics.velocityOperator_apply","MolecularDynamics/Chapter01/LocalTrajectories.lean","35","accepted_with_explicit_scope","全定义矩阵逆的作用；不宣称奇异质量可恢复速度","定义展开的坐标桥接"
"T2","MolecularDynamics.massOperator_velocityOperator","MolecularDynamics/Chapter01/LocalTrajectories.lean","42","accepted_with_explicit_scope","每个坐标质量严格正","质量矩阵乘逆与坐标作用"
"T2","MolecularDynamics.velocityOperator_massOperator","MolecularDynamics/Chapter01/LocalTrajectories.lean","52","accepted_with_explicit_scope","每个坐标质量严格正","逆矩阵乘质量的坐标恢复"
"T2","MolecularDynamics.IsMechanicalSolutionOn.mono","MolecularDynamics/Chapter01/LocalTrajectories.lean","88","accepted_with_explicit_scope","已有真实区间内解；子集时间域","成员限制与区间内导数限制"
"T2","MolecularDynamics.IsMechanicalSolutionOn.continuousOn","MolecularDynamics/Chapter01/LocalTrajectories.lean","95","accepted_with_explicit_scope","已有真实区间内解","区间内导数推出区间连续性"
"T2","MolecularDynamics.IsLocalMechanicalIVP.initial_mem","MolecularDynamics/Chapter01/LocalTrajectories.lean","101","accepted_with_explicit_scope","正局部半径和真实初值","初时刻属于开放区间并替换初值"
"T2","MolecularDynamics.isMechanicalSolutionOn_iff_components","MolecularDynamics/Chapter01/LocalTrajectories.lean","110","accepted_with_explicit_scope","开放时间域；固定质量；配置域成员","邻域转换双侧导数和连续线性投影"
"T2","MolecularDynamics.momentum_eq_mass_deriv_position","MolecularDynamics/Chapter01/LocalTrajectories.lean","131","accepted_with_explicit_scope","正质量；开放时间域；已有解","真实位置导数和质量乘逆恢复"
"T2","MolecularDynamics.hasDerivAt_deriv_position","MolecularDynamics/Chapter01/LocalTrajectories.lean","141","accepted_with_explicit_scope","开放时间域；已有解；固定逆质量线性作用","邻域函数替换与线性链式法则"
"T2","MolecularDynamics.solution_nBodyEquationAt","MolecularDynamics/Chapter01/LocalTrajectories.lean","154","accepted_with_explicit_scope","正质量；开放时间域；已有解；给定F等于负总梯度","真实二阶导数加正质量恢复；不无条件宣称势能可微"
"T2","MolecularDynamics.solution_nBodyEquationAt_of_differentiable","MolecularDynamics/Chapter01/LocalTrajectories.lean","167","accepted_with_explicit_scope","上项假设加域上逐点可微","显式可微应用范围；该代数结论无需再用可微假设"
"T2","MolecularDynamics.solution_hasGradientAt_potential","MolecularDynamics/Chapter01/LocalTrajectories.lean","177","accepted_with_explicit_scope","已有解；域上真实可微；给定力梯度关系","实际使用可微性得HasGradientAt"
"T2","MolecularDynamics.newtonTrajectory_to_mechanicalSolution","MolecularDynamics/Chapter01/LocalTrajectories.lean","188","accepted_with_explicit_scope","正质量；位置域成员；真实q'=v和v'=a与Ma=F","质量乘速度的导数；不需要时间域开放"
"T2","MolecularDynamics.freeParticle_localIVP","MolecularDynamics/Chapter01/LocalTrajectories.lean","208","accepted_with_explicit_scope","正质量和正半径；零力；全配置域","仿射位置和常动量的显式真实局部解"
"T5","MolecularDynamics.strictOn_iff_punctured","MolecularDynamics/Chapter01/PotentialBarriers.lean","42","accepted_with_explicit_scope","度量空间；中心属于相对配置域","正半径刻画与去心相对邻域等价"
"T5","MolecularDynamics.strictUniv_iff","MolecularDynamics/Chapter01/PotentialBarriers.lean","58","accepted_with_explicit_scope","度量空间；全空间严格性","非零距离与不等点之间的转换"
"T5","MolecularDynamics.strictOn_isLocalMinOn","MolecularDynamics/Chapter01/PotentialBarriers.lean","71","accepted_with_explicit_scope","相对严格极小","中心等值与去心严格值分情况"
"T5","MolecularDynamics.compact_positive_gap","MolecularDynamics/Chapter01/PotentialBarriers.lean","83","accepted_with_explicit_scope","紧集；其上连续；逐点严格大于c","紧集一致下界产生正差；允许空集"
"T5","MolecularDynamics.fixed_sphere_barrier","MolecularDynamics/Chapter01/PotentialBarriers.lean","94","accepted_with_explicit_scope","有限维；0<r<R；球面在域内；球面连续；严格极小半径","紧球面与一致正差；正差随半径"
"T5","MolecularDynamics.open_domain_barrier","MolecularDynamics/Chapter01/PotentialBarriers.lean","110","accepted_with_explicit_scope","开放配置域；域上连续；中心的相对严格极小","两个正半径取最小并应用球面屏障"
"T5","MolecularDynamics.energy_excludes_sphere","MolecularDynamics/Chapter01/PotentialBarriers.lean","128","accepted_with_explicit_scope","动能非负；能量为中心势能；正球面屏障","静态能量不等式矛盾"
"T5","MolecularDynamics.energy_below_barrier_excludes_sphere","MolecularDynamics/Chapter01/PotentialBarriers.lean","137","accepted_with_explicit_scope","动能非负；恒等总能量H0严格低于屏障","静态能量不等式矛盾"
"T5","MolecularDynamics.conserved_trajectory_stays_in_ball","MolecularDynamics/Chapter01/PotentialBarriers.lean","149","accepted_with_explicit_scope","正半径；给定区间连续；中心起点；非负动能；指定守恒","连续距离中间值与静态排除；仅给定区间"
"T5","MolecularDynamics.conserved_trajectory_below_barrier_stays_in_ball","MolecularDynamics/Chapter01/PotentialBarriers.lean","176","accepted_with_explicit_scope","给定区间连续；任意球内起点；非负动能；指定低能守恒","初始距离严格小于半径再用中间值；不要求中心起点"
"T5","MolecularDynamics.conserved_trajectory_center_below_barrier_stays_in_ball","MolecularDynamics/Chapter01/PotentialBarriers.lean","203","accepted_with_explicit_scope","正半径；中心起点；给定区间连续与低能守恒","证明中心属于球后应用一般版本"
"T5","MolecularDynamics.open_domain_energy_confinement","MolecularDynamics/Chapter01/PotentialBarriers.lean","225","accepted_with_explicit_scope","开放域；连续势能；相对严格极小；调用者提供连续低能守恒曲线","先构造每半径屏障再区间留球；不假设整个轨迹留球"
"T5","MolecularDynamics.zero_dimensional_sphere_empty","MolecularDynamics/Chapter01/PotentialBarriers.lean","249","accepted_with_explicit_scope","零维欧氏空间；正半径","子单点空间球面为空"
"T5","MolecularDynamics.zero_dimensional_barrier","MolecularDynamics/Chapter01/PotentialBarriers.lean","253","accepted_with_explicit_scope","零维欧氏空间；正半径；任意势能","空球面允许正差1"
"T5","MolecularDynamics.zero_dimensional_strict_min","MolecularDynamics/Chapter01/PotentialBarriers.lean","260","accepted_with_explicit_scope","零维欧氏空间；任意势能","不同位置不存在；空泛严格性"
"T5","MolecularDynamics.singleton_relative_strict","MolecularDynamics/Chapter01/PotentialBarriers.lean","267","accepted_with_explicit_scope","相对域仅含中心；任意实势能","相对去心部分为空"
"T5","MolecularDynamics.singleton_sphere_not_subset","MolecularDynamics/Chapter01/PotentialBarriers.lean","274","accepted_with_explicit_scope","实数球面半径1和单点域0","用球面点1反证域包含"
"T5","MolecularDynamics.quartic_strict_min","MolecularDynamics/Chapter01/PotentialBarriers.lean","281","accepted_with_explicit_scope","实数势能x^4","非零点的正四次幂"
"T5","MolecularDynamics.quartic_sphere_barrier","MolecularDynamics/Chapter01/PotentialBarriers.lean","289","accepted_with_explicit_scope","实数势能x^4；r>0","球面绝对值为r；正差r^4随半径"
"T5","MolecularDynamics.constant_local_min","MolecularDynamics/Chapter01/PotentialBarriers.lean","304","accepted_with_explicit_scope","实数零常势能","非严格局部极小"
"T5","MolecularDynamics.constant_not_strict","MolecularDynamics/Chapter01/PotentialBarriers.lean","308","accepted_with_explicit_scope","实数零常势能","任意正邻域取R/2反证严格性"
"T5","MolecularDynamics.quartic_potential_continuous","MolecularDynamics/Chapter01/PotentialBarriers.lean","317","accepted_with_explicit_scope","实数四次势能","恒等函数幂的连续性"
"T5","MolecularDynamics.endpoint_potential_continuous","MolecularDynamics/Chapter01/PotentialBarriers.lean","321","accepted_with_explicit_scope","x²(1-x²)","显式展开多项式连续性"
"T5","MolecularDynamics.endpoint_strict_radius","MolecularDynamics/Chapter01/PotentialBarriers.lean","325","accepted_with_explicit_scope","x²(1-x²)；严格半径R=1","0<绝对值x<1推出两个因子均正"
"T5","MolecularDynamics.endpoint_no_barrier","MolecularDynamics/Chapter01/PotentialBarriers.lean","339","accepted_with_explicit_scope","同一势能；球面r=R=1","端点势能等于中心；说明r<R必要"
