id,节号,印刷页,PDF页,类型,原文陈述(英文原句或忠实转述),Lean声明名,文件:行号,状态,备注
CH05-001,5.1,180,201,定义,The Lie derivative is L_f g=Dg[f].,MolecularDynamics.Chapter05Review.lie,MolecularDynamics/Chapter05/ReviewDefinitions.lean:20,defined,实际Fréchet导数；复用第3章对象
CH05-002,5.1,180,201,未编号结论,"Along an actual trajectory the time derivative of g is L_f g, (5.1).",MolecularDynamics.hasDerivAt_textbookLieDerivative,MolecularDynamics/Chapter03/LiePoisson.lean:35,proved,既有局部链式法则完整证明；实际解
CH05-003,5.1,180,201,定义,The observable solution operator is pullback g(F_t(z)).,MolecularDynamics.Chapter05Review.pullback,MolecularDynamics/Chapter05/ReviewDefinitions.lean:21,defined,实际流，不将形式exp当收敛算子
CH05-004,5.1,181,202,未编号结论,A differentiable autonomous flow satisfies DF_t(z) f(z)=f(F_t(z)).,MolecularDynamics.Chapter05Review.flowFieldTransport_statement,MolecularDynamics/Chapter05/Statements.lean:8,statement_only,真实流群/C2条件；不搭一般flow变分理论
CH05-005,5.1,181,202,未编号结论,"The pullback solves partial_t gtilde=L_f gtilde, (5.2).",MolecularDynamics.Chapter05Review.pullbackPDE_statement,MolecularDynamics/Chapter05/Statements.lean:11,statement_only,给定joint光滑实际流；一般输运PDE未证
CH05-006,5.1,181,202,未编号结论,Steady solutions of the observable equation are first integrals.,MolecularDynamics.Chapter05Review.steadyFirstIntegral_statement,MolecularDynamics/Chapter05/Statements.lean:14,statement_only,实际流与所有初值，量词清晰
CH05-007,5.1,181,202,notation,G_t=exp(t L_f) denotes the solution operator.,MolecularDynamics.Chapter05Review.solutionOperator,MolecularDynamics/Chapter05/ReviewDefinitions.lean:22,defined,定义为pullback，不证明无界算子的exp构造
CH05-008,5.1,181,202,未编号结论,The solution operator applied to coordinate projection returns the trajectory coordinate.,MolecularDynamics.Chapter05Review.coordinatePullback_proved,MolecularDynamics/Chapter05/ReviewProofs.lean:9,proved,定义展开的完整证明，不是ODE存在证明
CH05-009,5.2.1,182,203,定义,"A density is measurable, nonnegative and has finite integral.",MolecularDynamics.Chapter05Review.density;MolecularDynamics.Chapter05Review.probabilityDensity,MolecularDynamics/Chapter05/ReviewDefinitions.lean:26;MolecularDynamics/Chapter05/ReviewDefinitions.lean:28,defined,显式Lebesgue测度与可积性；归一化单列
CH05-010,5.2.1,182,203,未编号结论,Every nonnegative density with positive finite integral can be normalized to a probability density.,MolecularDynamics.Chapter05Review.densityNormalization_statement,MolecularDynamics/Chapter05/Statements.lean:16,statement_only,基础积分理论有支持；本次有限时间盒未推广
CH05-011,5.2.1,182,203,定义,The density assigns a set its integral over that set.,MolecularDynamics.Chapter05Review.densityMeasure,MolecularDynamics/Chapter05/ReviewDefinitions.lean:29,defined,真实withDensity，不将所有概率测度误限于AC
CH05-012,5.2.1,182,203,未编号结论,Open and closed sets and countable unions/intersections of measurable sets are measurable.,MolecularDynamics.Chapter05Review.borelClosure_statement,MolecularDynamics/Chapter05/Statements.lean:18,statement_only,正文页脚理论逐条量化；Mathlib支持，未新增证明
CH05-013,5.2.1,183,204,未编号结论,A probability measure assigns every measurable set a value between zero and one.,MolecularDynamics.Chapter05Review.probabilityBounds_proved,MolecularDynamics/Chapter05/ReviewProofs.lean:11,proved,Mathlib概率测度基础引理复用包装
CH05-014,5.2.1,183,204,定义,"L2 consists of AE classes of square-integrable functions, with norm sqrt(integral f²).",MolecularDynamics.Chapter05Review.L2Space;MolecularDynamics.Chapter05Review.l2Norm,MolecularDynamics/Chapter05/ReviewDefinitions.lean:30;MolecularDynamics/Chapter05/ReviewDefinitions.lean:31,defined,书中忽略AE商，Lean采用真实Lp；不将原始函数空间称Hilbert
CH05-015,5.2.1,183,204,定义,The L2 inner product is the integral of the product.,MolecularDynamics.Chapter05Review.l2Inner,MolecularDynamics/Chapter05/ReviewDefinitions.lean:32,defined,实际Bochner integral
CH05-016,5.2.1,183,204,未编号结论,The actual L2 norm squared equals its self inner product.,MolecularDynamics.Chapter05Review.l2NormSquare_statement,MolecularDynamics/Chapter05/Statements.lean:21,statement_only,真实Lp quotient，基础Mathlib支持；单列陈述
CH05-017,5.2.1,183,204,未编号结论,L2 is a complete Hilbert space.,MolecularDynamics.Chapter05Review.l2Complete_statement,MolecularDynamics/Chapter05/Statements.lean:23,statement_only,实际CauchySeq趋于极限；不搭新Hilbert理论
CH05-018,5.2.1,183,204,未编号结论,The L2 inner product is symmetric and bilinear.,MolecularDynamics.Chapter05Review.l2Symmetry_statement;MolecularDynamics.Chapter05Review.l2Linearity_statement,MolecularDynamics/Chapter05/Statements.lean:25;MolecularDynamics/Chapter05/Statements.lean:27,statement_only,补可积乘积/平方可积假设；原公式的严格版本
CH05-019,5.2.1,183,204,未编号结论,Continuous compactly supported functions belong to L2 of Euclidean space.,MolecularDynamics.Chapter05Review.compactL2_statement,MolecularDynamics/Chapter05/Statements.lean:30,statement_only,实际Lebesgue局部有限测度；基础库支持未深挖
CH05-020,5.2.1,184,205,定义,The spatial average is integral(g rho)/integral(rho).,MolecularDynamics.Chapter05Review.densityAverage;MolecularDynamics.Chapter05Review.average,MolecularDynamics/Chapter05/ReviewDefinitions.lean:34;MolecularDynamics/Chapter05/ReviewDefinitions.lean:33,defined,分母正方可解释平均；average用给定Measure
CH05-021,5.2.2,184,205,定义,The mass fraction of points in A at time t is integral_A rho(t).,MolecularDynamics.Chapter05Review.massFraction,MolecularDynamics/Chapter05/ReviewDefinitions.lean:35,defined,实际Lebesgue积分
CH05-022,5.2.2,184,205,未编号结论,Its derivative is integral_A partial_t rho under differentiation-under-integral hypotheses.,MolecularDynamics.Chapter05Review.massDerivative_statement,MolecularDynamics/Chapter05/Statements.lean:31,statement_only,一致可积支配界；不搭一般输运解存在理论
CH05-023,5.2.2,184,205,未编号结论,"The derivative of the mass is negative outward flux, and equals negative integral_A div(rho f).",MolecularDynamics.Chapter05Review.fluxBalance_statement,MolecularDynamics/Chapter05/Statements.lean:41,not_formalizable_now,需边界法向量/曲面测度及散度定理，对长方体给忠实有限面公式
CH05-024,5.2.2,185,206,定义,The Liouvillian is M_f w=-div(w f).,MolecularDynamics.Chapter05Review.divergence;MolecularDynamics.Chapter05Review.liouvillian,MolecularDynamics/Chapter05/ReviewDefinitions.lean:36;MolecularDynamics/Chapter05/ReviewDefinitions.lean:38,defined,实际偏导/trace
CH05-025,5.2.2,185,206,未编号结论,The transported smooth density satisfies partial_t rho=-div(rho f).,MolecularDynamics.Chapter05Review.liouvilleEquation_statement,MolecularDynamics/Chapter05/Statements.lean:50,not_formalizable_now,实际体积变换密度与连续性方程；缺一般PDE/几何输运桥接
CH05-026,5.2.2,185,206,未编号结论,The continuity equation expands as -sum_i(rho partial_i f_i+f_i partial_i rho).,MolecularDynamics.Chapter05Review.liouvilleProduct_statement,MolecularDynamics/Chapter05/Statements.lean:55,statement_only,局部乘积规则；完整实际导数
CH05-027,5.2.2,185,206,未编号结论,"Integration by parts gives integral u L_f v=integral M_f u v after the boundary term vanishes, (5.4)-(5.5).",MolecularDynamics.Chapter05Review.liouvillianAdjoint_statement,MolecularDynamics/Chapter05/Statements.lean:58,not_formalizable_now,用C1 compact support给明确消边界条件；形式伴随不是闭算子Hilbert伴随已识别
CH05-028,5.2.2,186,207,notation,The measure propagator is formally exp(t L_f^*) rho0.,MolecularDynamics.Chapter05Review.measurePropagator,MolecularDynamics/Chapter05/ReviewDefinitions.lean:40,defined,用真实Measure.map表示，exp仅原文notation
CH05-029,5.2.3,186,207,未编号结论,A C2 Hamiltonian vector field has zero divergence.,MolecularDynamics.textbookHamiltonianVectorField_divergence_zero,MolecularDynamics/Chapter02/HamiltonianVolume.lean:31,proved,复用既有真实HamiltonianJacobian trace证明
CH05-030,5.2.3,186,207,未编号结论,For a divergence-free field the differential expressions satisfy M_f=-L_f.,MolecularDynamics.Chapter05Review.hamiltonianSkewExpression_statement,MolecularDynamics/Chapter05/Statements.lean:61,statement_only,实际differential expression；闭Hilbert skew-adjoint另需domain
CH05-031,5.2.3,187,208,未编号结论,Forward/backward Hamiltonian density propagation reverses time and preserves total mass.,MolecularDynamics.Chapter05Review.hamiltonianDensityPropagation_statement,MolecularDynamics/Chapter05/Statements.lean:64,statement_only,给定全时域C2流及体积保留；非一般PDE存在
CH05-032,5.2.3,187,208,定义,The mechanical forward Liouvillian is -sum_i (p_i/m_i partial_qi+F_i partial_pi).,MolecularDynamics.Chapter05Review.mechanicalLiouvillian,MolecularDynamics/Chapter05/ReviewDefinitions.lean:42,defined,F=-grad U；质量正解释
CH05-033,5.3.1,188,209,定义,The test spaces are C-infinity compact support functions and Schwartz functions.,MolecularDynamics.Chapter05Review.testSpace;MolecularDynamics.Chapter05Review.schwartzSpace,MolecularDynamics/Chapter05/ReviewDefinitions.lean:45;MolecularDynamics/Chapter05/ReviewDefinitions.lean:46,defined,实际SchwartzMap；正文广义函数需连续性，书只提线性
CH05-034,5.3.1,188,209,定义,A generalized function is a linear functional on the test space.,MolecularDynamics.Chapter05Review.distribution,MolecularDynamics/Chapter05/ReviewDefinitions.lean:47,defined,原文代数线性定义；连续分布空间另列缺口
CH05-035,5.3.1,188,209,定义,A regular generalized function acts by integral f phi.,MolecularDynamics.Chapter05Review.regularDistribution,MolecularDynamics/Chapter05/ReviewDefinitions.lean:48,defined,先给积分表达；线性需可积条件
CH05-036,5.3.1,189,210,定义,The Dirac distribution acts by evaluating a test function at zero.,MolecularDynamics.Chapter05Review.diracAction;MolecularDynamics.Chapter05Review.diracMeasure,MolecularDynamics/Chapter05/ReviewDefinitions.lean:49;MolecularDynamics/Chapter05/ReviewDefinitions.lean:50,defined,实际点测度与线性评价分别登记
CH05-037,5.3.1,189,210,未编号结论,A concentrated normalized approximate identity converges weakly to Dirac.,MolecularDynamics.Chapter05Review.diracApproximation_statement,MolecularDynamics/Chapter05/Statements.lean:69,statement_only,非负总质量1、support缩小；不将点wise收敛误作weak
CH05-038,5.3.1,189,210,定义,One-dimensional Gaussian approximate Dirac is exp(-z²/(2 epsilon))/sqrt(2 pi epsilon).,MolecularDynamics.Chapter05Review.gaussianDelta,MolecularDynamics/Chapter05/ReviewDefinitions.lean:51,defined,epsilon>0；分母正
CH05-039,5.3.2,189,210,定义,A weak stationary distribution annihilates L_f acting on test functions.,MolecularDynamics.Chapter05Review.weakStationary,MolecularDynamics/Chapter05/ReviewDefinitions.lean:52,defined,对真实measure积分，未混同可微密度
CH05-040,5.3.2,190,211,定义,"The finite-time ensemble average is the normalized density integral, (5.6).",MolecularDynamics.Chapter05Review.ensembleAverage,MolecularDynamics/Chapter05/ReviewDefinitions.lean:54,defined,不是轨道时间平均
CH05-041,5.3.2,190,211,未编号结论,Hamiltonian energy is a first integral: L_H H=0.,MolecularDynamics.textbookPoissonBracket_self;MolecularDynamics.textbookLieDerivative_hamiltonian_eq_poisson,MolecularDynamics/Chapter03/LiePoisson.lean:148;MolecularDynamics/Chapter03/LiePoisson.lean:212,proved,既有完整自括号/真实Hamiltonian Lie证明联合映射
CH05-042,5.3.2,190,211,未编号结论,A smooth function of H has zero Hamiltonian Lie derivative and defines an invariant density when integrable.,MolecularDynamics.Chapter05Review.energyDensityInvariant_statement,MolecularDynamics/Chapter05/Statements.lean:74,statement_only,补归一化与真实全流；原文t导数趋零只为启发，非平均收敛充分条件
CH05-043,5.3.2,190,211,定义,The energy-shell smooth approximation is exp(-(H-E)²/(2 epsilon)) divided by its partition integral.,MolecularDynamics.Chapter05Review.shellDensity;MolecularDynamics.Chapter05Review.shellPartition,MolecularDynamics/Chapter05/ReviewDefinitions.lean:57;MolecularDynamics/Chapter05/ReviewDefinitions.lean:56,defined,可积/非零归一化为适用条件
CH05-044,5.3.2,191,212,未编号结论,"The normalized shell densities converge weakly to the normalized microcanonical measure, (5.7)-(5.8).",MolecularDynamics.Chapter05Review.shellWeakLimit_statement;MolecularDynamics.Chapter05Review.shellWeakPrinted_statement,MolecularDynamics/Chapter05/Statements.lean:79;MolecularDynamics/Chapter05/Statements.lean:85,not_formalizable_now,需coarea及正则紧能量面/尾部控制；原文rho已归一又乘Z^-1疑重复，保留字面版
CH05-045,5.3.2,191,212,定义,The geometric microcanonical measure is surface measure weighted by 1/abs(grad H).,MolecularDynamics.Chapter05Review.energySurface;MolecularDynamics.Chapter05Review.surfaceMeasure;MolecularDynamics.Chapter05Review.microRaw,MolecularDynamics/Chapter05/ReviewDefinitions.lean:58;MolecularDynamics/Chapter05/ReviewDefinitions.lean:63;MolecularDynamics/Chapter05/ReviewDefinitions.lean:65,defined,真实Hausdorff measure withDensity；归一化常数不宣称构造已正确识别Riemannian体积
CH05-046,5.3.2,191,212,未编号结论,A smooth injective regular parameterization has area element sqrt(det(Dg^T Dg)).,MolecularDynamics.Chapter05Review.surfaceAreaFormula_statement,MolecularDynamics/Chapter05/Statements.lean:89,not_formalizable_now,需曲面面积/coarea/嵌入流形Riemannian volume form；可陈述未证明
CH05-047,5.3.2,192,213,定义,The unit normal is grad H/abs(grad H) on a regular level surface.,MolecularDynamics.Chapter05Review.normalField,MolecularDynamics/Chapter05/ReviewDefinitions.lean:71,defined,Euclidean范数；grad采用真实导数
CH05-048,5.3.2,192,213,未编号结论,A normal energy displacement satisfies dE=abs(grad H) ds+O(ds²).,MolecularDynamics.Chapter05Review.normalEnergyTaylor_statement,MolecularDynamics/Chapter05/Statements.lean:96,statement_only,局部C2、非零grad；真实余项量化
CH05-049,5.3.2,192,213,未编号结论,Thickened-shell volume divided by dE tends to integral_surface 1/abs(grad H).,MolecularDynamics.Chapter05Review.shellVolumeLimit_statement,MolecularDynamics/Chapter05/Statements.lean:99,not_formalizable_now,缺tubular coordinates/coarea/几何Jacobian；明确正则紧性
CH05-050,5.3.2,193,214,未编号结论,The geometric microcanonical measure is invariant under Hamiltonian flow.,MolecularDynamics.Chapter05Review.microInvariant_statement,MolecularDynamics/Chapter05/Statements.lean:104,not_formalizable_now,体积与能量守恒并不足以已证曲面测度桥接；需coarea与流正则性
CH05-051,5.3.2,193,214,定义,The microcanonical partition function is the total raw measure of the energy surface.,MolecularDynamics.Chapter05Review.microPartition,MolecularDynamics/Chapter05/ReviewDefinitions.lean:67,defined,ENNReal量转实；有限且正是使用条件
CH05-052,5.3.3,194,215,定义,The microcanonical probability measure is the normalized raw surface measure.,MolecularDynamics.Chapter05Review.microMeasure,MolecularDynamics/Chapter05/ReviewDefinitions.lean:68,defined,真实Measure scalar normalization；不视为已证概率实例
CH05-053,5.3.3,195,216,未编号结论,"The normalized microcanonical measure has total mass one and all probabilities lie in [0,1].",MolecularDynamics.Chapter05Review.microProbability_statement,MolecularDynamics/Chapter05/Statements.lean:108,statement_only,明确0<raw mass<infinity；基础归一化部分不需要一般几何理论
CH05-054,5.3.3,195,216,未编号结论,Lower-dimensional smooth submanifolds have zero microcanonical measure.,MolecularDynamics.Chapter05Review.lowerDimensionNull_statement,MolecularDynamics/Chapter05/Statements.lean:111,not_formalizable_now,需Hausdorff维数/Lipschitz图像与几何measure桥接；非任意低维拓扑集
CH05-055,5.3.3,195,216,定义,"A microcanonical observable average is integral g against microMeasure, denoted angle brackets.",MolecularDynamics.Chapter05Review.microAverage,MolecularDynamics/Chapter05/ReviewDefinitions.lean:70,defined,可积观测量；surface密度/ambient奇异measure分清
CH05-056,5.4,195,216,定义,The finite trajectory average is (1/T) integral_0^T g(z(t)); its infinite limit is (5.9).,MolecularDynamics.Chapter05Review.timeAverage;MolecularDynamics.Chapter05Review.hasTimeAverage,MolecularDynamics/Chapter05/ReviewDefinitions.lean:76;MolecularDynamics/Chapter05/ReviewDefinitions.lean:77,defined,T>0；以Tendsto表达极限存在
CH05-057,5.4,197,218,未编号结论,The time average of a conserved first integral equals its initial value.,MolecularDynamics.Chapter05Review.conservedAverage_proved,MolecularDynamics/Chapter05/ReviewProofs.lean:15,proved,给定轨道守恒值，有限时间积分完全证明；额外第一积分构造另列
CH05-058,5.4.1,197,218,定义,Definition 5.1: microcanonical ergodicity equates temporal and spatial averages for almost every initial state and every integrable observable.,MolecularDynamics.Chapter05Review.microErgodic,MolecularDynamics/Chapter05/ReviewDefinitions.lean:79,defined,采用每观测量分别AE；书中共满测集和低维例外表述不严谨，待审
CH05-059,5.4.1,197,218,定义,Invariant-set ergodicity means every measurable flow-invariant set has probability zero or one.,MolecularDynamics.Chapter05Review.setErgodic;MolecularDynamics.Chapter05Review.flowInvariant,MolecularDynamics/Chapter05/ReviewDefinitions.lean:83;MolecularDynamics/Chapter05/ReviewDefinitions.lean:82,defined,真实概率Measure与全实时间流
CH05-060,5.4.1,198,219,未编号结论,For an invariant set the complement indicator is identically zero along its initial trajectories.,MolecularDynamics.Chapter05Review.invariantIndicator_proved,MolecularDynamics/Chapter05/ReviewProofs.lean:18,proved,集合实际不变性质的完整推导
CH05-061,5.4.1,198,219,未编号结论,The time-average definition of ergodicity is equivalent to invariant-set zero-one ergodicity.,MolecularDynamics.Chapter05Review.ergodicTimeAverage_statement,MolecularDynamics/Chapter05/Statements.lean:115,not_formalizable_now,Mathlib有离散ergodic支持；缺本章连续流Birkhoff/积分时间平均桥接，不搭理论
CH05-062,5.4.1,198,219,未编号结论,A nonergodic system has an invariant set of probability strictly between zero and one.,MolecularDynamics.Chapter05Review.nonergodicSet_statement,MolecularDynamics/Chapter05/Statements.lean:121,statement_only,显式概率/不变性前提；逻辑等价仅陈述
CH05-063,5.4.1,200,221,未编号结论,"KAM theory predicts invariant torus barriers in suitable near-integrable systems, obstructing energy-surface coverage.",MolecularDynamics.Chapter05Review.kam_statement,MolecularDynamics/Chapter05/Statements.lean:127,not_formalizable_now,原文只在double-pendulum例中定性引用；陈述为非退化Diophantine torus的持久化，不宣称例5.5参数已满足，需KAM/Nash-Moser与测度版
CH05-064,5.4.1,199,220,定义,Mixing means transported initial densities converge weakly to the invariant measure.,MolecularDynamics.Chapter05Review.mixing,MolecularDynamics/Chapter05/ReviewDefinitions.lean:85,defined,对有界连续test与AC初始概率；比单轨道ergodicity强
CH05-065,5.5,203,224,定义,The temporal correlation is k times average of a(F_t(z)) dot b(z).,MolecularDynamics.Chapter05Review.correlation,MolecularDynamics/Chapter05/ReviewDefinitions.lean:89,defined,真实vector dot；k归一化须非零零时刻相关
CH05-066,5.5,204,225,未编号结论,The correlation can be expressed as an observable pullback spatial average.,MolecularDynamics.Chapter05Review.correlationPullback_proved,MolecularDynamics/Chapter05/ReviewProofs.lean:23,proved,定义重写完整证明
CH05-067,5.5,204,225,未编号结论,For an ergodic flow the correlation equals the trajectory average of a(z(s+t)) dot b(z(s)).,MolecularDynamics.Chapter05Review.correlationTime_statement,MolecularDynamics/Chapter05/Statements.lean:138,statement_only,AE初值，给定lag逐次量词；semigroup与可积性
CH05-068,5.5,204,225,定义,Velocity autocorrelation is the correlation divided by its zero-lag value.,MolecularDynamics.Chapter05Review.velocityCorrelation,MolecularDynamics/Chapter05/ReviewDefinitions.lean:91,defined,分母正才可归一；不假设任意v都非零
CH05-069,5.5,204,225,定义,The transition probability from A to B at lag t is average(1_A 1_B∘F_t)/average(1_A).,MolecularDynamics.Chapter05Review.transitionProbability,MolecularDynamics/Chapter05/ReviewDefinitions.lean:93,defined,mu(A)>0；确定流endpoint概率非首达时间
CH05-070,5.5,205,226,未编号结论,"Pushforward/pullback duality gives integral phi against evolved density equals integral phi∘F_t against the initial measure, (5.10).",MolecularDynamics.Chapter05Review.measureDuality_statement,MolecularDynamics/Chapter05/Statements.lean:145,statement_only,真实Measure.map和可测/可积条件；基础库可用，时间盒保留
CH05-071,5.5,205,226,未编号结论,Mixing implies correlations converge to the product of means and centered correlations tend to zero.,MolecularDynamics.Chapter05Review.mixingCorrelation_statement;MolecularDynamics.Chapter05Review.mixingCorrelationPrinted_statement,MolecularDynamics/Chapter05/Statements.lean:148;MolecularDynamics/Chapter05/Statements.lean:155,statement_only,保留原k归一化；印刷极限遗漏k，附修正版
CH05-072,5.6,206,227,定义,The discrete finite average is n^-1 sum_(k=0)^n g(z_k) in the printed formula.,MolecularDynamics.Chapter05Review.discreteAveragePrinted;MolecularDynamics.Chapter05Review.discreteAverage,MolecularDynamics/Chapter05/ReviewDefinitions.lean:96;MolecularDynamics/Chapter05/ReviewDefinitions.lean:98,defined,书写n+1项却除n；补标准n项版，有限n0除零不作概率解释
CH05-073,5.6,206,227,定义,A numerical method induces a distribution propagator by pushforward.,MolecularDynamics.Chapter05Review.discretePropagator,MolecularDynamics/Chapter05/ReviewDefinitions.lean:100,defined,真实measure map，不声称modified equation存在
CH05-074,5.6,206,227,定义,The finite modified field is f+h^r f_r and its forward differential expression splits linearly.,MolecularDynamics.Chapter05Review.modifiedField,MolecularDynamics/Chapter05/ReviewDefinitions.lean:101,defined,不将BEA形式展开误作实际精确流
CH05-075,5.6,206,227,未编号结论,The Liouvillian of f+h^r f_r is the sum of the corresponding expressions.,MolecularDynamics.Chapter05Review.modifiedLiouvillian_statement,MolecularDynamics/Chapter05/Statements.lean:159,statement_only,真实微分运算，补可微条件
CH05-076,5.6,207,228,未编号结论,Forward Euler oscillator admits only the point mass at the origin as an invariant probability measure for h≠0.,MolecularDynamics.Chapter05Review.eulerInvariant_statement,MolecularDynamics/Chapter05/Statements.lean:162,statement_only,原文两分量都趋∞并非严格成立；改述范数，delta不吸引
CH05-077,5.6,207,228,未编号结论,Backward Euler oscillator trajectories tend to zero and every initial probability measure tends weakly to delta0.,MolecularDynamics.Chapter05Review.backwardEulerLimit_statement,MolecularDynamics/Chapter05/Statements.lean:164,statement_only,h非零；weak有界连续test与真实概率，非点wise密度收敛
CH05-078,5.6,207,228,未编号结论,Symplectic Euler preserves its modified quadratic oscillator Hamiltonian.,MolecularDynamics.Chapter05Review.symplecticEulerShadow_proved,MolecularDynamics/Chapter05/ReviewProofs.lean:47,proved,既有完整有限模型证明，稳定椭圆需abs(h Omega)<2
CH05-079,5.6,207,228,未编号结论,An integrable normalized density depending on the preserved quadratic invariant remains invariant.,MolecularDynamics.Chapter05Review.symplecticEulerDensity_statement,MolecularDynamics/Chapter05/Statements.lean:169,statement_only,补线性体积保留与可积；不推一般数值ergodicity
CH05-080,5.6,208,229,定义,The leading Verlet modified Hamiltonian has the displayed Hessian and force-square h² coefficient.,MolecularDynamics.Chapter02Review.takahashiPotential;MolecularDynamics.Chapter05Review.verletShadow2,MolecularDynamics/Chapter02/ReviewDefinitions.lean:134;MolecularDynamics/Chapter05/ReviewDefinitions.lean:107,defined,只定义有限修正函数，不声称全阶形式级数收敛
CH05-081,5.6,208,229,定理,"Theorem 5.1: microcanonical averages for H and H+epsilon eta differ by average(div(g u))-average(g)average(div u)+O(epsilon²),u=epsilon eta w/(w dot grad H).",MolecularDynamics.Chapter05Review.theorem51_statement,MolecularDynamics/Chapter05/Statements.lean:175,statement_only,紧正则能量面、smooth H/eta/g/w、w dot grad H非零；完整几何平均差量化，未把校正公式假设成前提；实现额外明示统一紧能量带、原分母在能量带非零及raw mass有限正，完整几何定理仍未证
CH05-082,5.6,209,230,定义,The perturbation displacement is u=epsilon eta w/(w dot grad H).,MolecularDynamics.Chapter05Review.perturbationDisplacement;MolecularDynamics.Chapter05Review.perturbationCorrection,MolecularDynamics/Chapter05/ReviewDefinitions.lean:111;MolecularDynamics/Chapter05/ReviewDefinitions.lean:113,defined,实际div(g u)而不是grad g dot u；真实Euclidean内积
CH05-083,5.6,209,230,未编号结论,On a compact energy surface a smooth nowhere-zero w dot grad H is bounded away from zero.,MolecularDynamics.Chapter05Review.denominatorBound_proved;MolecularDynamics.Chapter05Review.smoothDenominatorBound_proved,MolecularDynamics/Chapter05/ReviewProofs.lean:25;MolecularDynamics/Chapter05/ReviewProofs.lean:31,proved,仅Theorem5.1可直接推出的正则部分；完整micro平均校正未证；由C2 H/连续w自动得到连续分母绝对值，紧性给正下界
CH05-084,5.6,209,230,未编号结论,The first-order correction vanishes when eta is identically zero.,MolecularDynamics.Chapter05Review.zeroPerturbation_proved,MolecularDynamics/Chapter05/ReviewProofs.lean:41,proved,只证显式校正函数恒等式，不将一般平均扰动定理记proved
CH05-085,5.6,209,230,未编号结论,Choosing w=grad H satisfies transversality on a regular energy surface.,MolecularDynamics.Chapter05Review.gradientTransverse_statement,MolecularDynamics/Chapter05/Statements.lean:186,statement_only,有限Euclidean平方范数正；本次不推广几何理论
CH05-086,5.6,209,230,未编号结论,The perturbation formula applies to dynamical averages viewed as stationary observables.,MolecularDynamics.Chapter05Review.dynamicalCorrection_statement,MolecularDynamics/Chapter05/Statements.lean:189,statement_only,固定lag的真实光滑pullback observable；流参数扰动不可自动忽略
