item_id,textbook_label,chapter_section,printed_page,pdf_page_1based,kind,statement_summary_zh,evidence,review_status,model_dependencies,proof_or_external_gap,existing_lean,notes
CH01-NUM-001,Theorem 1.1,1.5.3,32,55,theorem,严格局部势能极小值对应 Hamiltonian 平衡点的 Lyapunov 稳定性,rendered_pdf_page,original_page_checked,M 正定；U 光滑；局部解与能量屏障,教材仅给证明思路并指向 [216],,只核对定位和概要；公式/量词未必完成逐项语义审阅
CH02-NUM-001,Theorem 2.1,2.1,56,78,theorem,Euler 方法在有界开域内、解保持域内时的一阶全局误差界,rendered_pdf_page,local_statement_reviewed_responsible_signoff_pending,f 连续可微；精确解存在且留在域内；固定终时,项目完整证明及固定版本full-check01通过；负责人最终语义签核pending,MolecularDynamics.theorem_2_1_euler,Print56/PDF78 and print66-67/PDF88-89 reviewed. All Euler nodes stay in D and maximum error <= C h are derived from C1 open-domain exact-solution assumptions. 2026-10-04 22:36:28 full-check01 passed.
CH02-NUM-002,Theorem 2.1,2.5,94,116,reference_only,正文再次引用同编号；此页不是新声明,existing_candidate_table+text_context,reference_only,,,,不计入编号声明数量
CH03-NUM-001,Theorem 3.1,3.4,114--116,136--138,theorem,有限阶修正 Hamiltonian 对数值轨道的能量漂移给出渐近界,rendered_pdf_page,original_statement_and_proof_checked_full_formalization_pending,紧凸域；光滑性；精确及数值轨道留在域内,Actual high-order modified-Hamiltonian construction and numerical/modified-flow matching remain to be derived. Conditional rate corollary is not counted as complete theorem.,MolecularDynamics.textbookHamiltonian_energy_const_on_Icc; MolecularDynamics.exists_uniform_textbookTruncatedHamiltonian_remainder; MolecularDynamics.exists_uniform_textbookTruncatedHamiltonian_lipschitz; MolecularDynamics.textbook_energy_drift_le_actual_defects; MolecularDynamics.textbook_energy_drift_rate_of_flow_defect,"All original theorem/proof pages visually checked2026-10-05. Conservation, uniform truncation bounds and finite energy drift fully accepted; actual high-order matching/whole theorem pending."
CH04-NUM-001,Lemma 4.1,4.3.4,159--160,181--182,lemma,标量 C² 约束 γ(q)=0 和余切条件下，P=p-μ∇γ 保持所列微分 2-形式,rendered_pdf_page,complete_local_full_check_passed_responsible_pending,"Actual global C2 scalar γ; differentiable q,p,μ at parameter point; chart locally satisfies both printed constraints",Full original scalar proof formalized as actual restricted two-form pullback. Responsible semantic signoff pending; whole integrator and implicit branch construction separate.,MolecularDynamics.lemma_4_1; MolecularDynamics.lemma_4_1_coordinates,"2026-10-05T03:16:19.1031508+08:00--2026-10-05T03:17:25.4862064+08:00退出0；9005jobs、零警告、570项审计声明仅基础三公理、88项输入稳定，固定版本/Scratch/扫描/公理全部通过; true derivatives, Hessian symmetry and tangent annihilation derived."
CH05-NUM-001,Theorem 5.1,5.6,208,229,theorem,微正则平均在紧能量面受 Hamiltonian 扰动时的一阶校正及 O(ε²) 余项,rendered_pdf_page,original_page_checked,原/扰动能量面紧；w 光滑且 w·∇H≠0；微正则平均可定义,陈述跨 PDF 229–230；证明未核对；引用 [338],,只核对定位和概要；公式/量词未必完成逐项语义审阅
CH06-NUM-001,Proposition 6.1,6.1.5,222,243,proposition,满足有界正平均及 Gibbs 可积条件的 C¹ 向量场 G 给温度平均比值公式,rendered_pdf_page,original_page_checked,G·∇H 与 ∇·G 平均为有限正数；G e^{-βH} 可积,教材给分部积分证明；无穷远边界项需细核,,只核对定位和概要；公式/量词未必完成逐项语义审阅
CH06-NUM-002,Proposition 6.2,6.2.2,229,250,proposition,Wiener 增量平方和在分割细化时以均方意义收敛到时间 τ,docs/reviews/2026-10-05-WienerQuadraticVariation/REVIEW.zh-CN.md;docs/verification/2026-10-05-WienerQuadraticVariation/full-check01/CHECK_REPORT.json,full_local_proof_passed_semantic_pending,实际IsPreBrownianReal有限维Gaussian laws；T>=0；K>0精确误差，最终K趋于无穷；不需样本连续性,真实mgf导数矩/增量独立性/平方L²/实际方差求和/2T²/K均方极限全部证明；负责人语义pending；其他随机积分独立,MolecularDynamics/Chapter06/WienerQuadraticVariation.lean,原229交叉项负号和230最后K趋于0是笔误，真实证明按平方展开及K趋于无穷；13public/no新增项目公理
CH06-NUM-003,Proposition 6.3,6.2.2,231,252,proposition,确定性光滑被积函数的 Itô 积分为均值零、方差为积分平方的高斯变量,rendered_pdf_page,finite_weighted_dependency_passed_integral_pending,实际preBrownian laws；smooth deterministic g；真正Ito均方积分待构造,必要真实有限加权Gaussian law/均值/方差/差的L²等距已证；一般g真正均方极限存在、Gaussian law闭合、variance integral g²仍pending,MolecularDynamics/Chapter06/WienerIntegration.lean,原231/PDF252目视；命题位于6.3标题之前，实际6.2.2；有限依赖不能计整个命题完成；负责人语义pending
CH06-NUM-004,Theorem 6.1,6.4.3,250,271,theorem,周期势 Brownian dynamics 生成元的自伴/非正谱、谱隙与平均指数收敛,rendered_pdf_page,original_page_checked,U 光滑；周期配置域；加权 C² 空间；测试函数光滑紧支,"陈述跨 PDF 271–272；教材指向谱理论文献 [298,360]",,只核对定位和概要；公式/量词未必完成逐项语义审阅
CH06-NUM-005,Theorem 6.2,6.4.4,252,273,theorem,小集/密度与 Lyapunov 漂移假设下的唯一不变测度和几何收敛,rendered_pdf_page,original_page_checked,Assumption 1/2；集合 C；合适测试函数,引用外部结果 [165],,只核对定位和概要；公式/量词未必完成逐项语义审阅
CH06-NUM-006,Lemma 6.1,6.4.4,255,276,lemma,Langevin 解从任意域内初值在任意正时间进入任意开子集的概率严格正,rendered_pdf_page,original_page_checked,开集 C⊆D；t>0；Langevin 解及噪声非退化,"证明跨 PDF 276–277，调用 [257, Lemma 3.4] 与 [349]",,只核对定位和概要；公式/量词未必完成逐项语义审阅
CH06-NUM-007,Proposition 6.4,6.4.5,257,278,proposition,零均值 g 的 Langevin 前向生成元 Poisson 方程在 H¹(μ) 中有解，唯一性模核,rendered_pdf_page,original_page_checked,U C∞；周期配置域；g∈H¹ 且 μ-均值零；算子条件,教材援引 Fredholm alternative，算子紧预解和核需证明,,只核对定位和概要；公式/量词未必完成逐项语义审阅
CH07-NUM-001,Proposition 7.1,7.9,297,318,proposition,五段对称算子分裂的 BCH 展开只有偶次修正：Lhat=L0+h²L2+O(h⁴),rendered_pdf_page,original_page_checked,对 X/Y/Z 算子 BCH 可用；交换子与余项定义域,教材给形式表达；需明确无界算子的级数解释,,只核对定位和概要；公式/量词未必完成逐项语义审阅
CH07-NUM-002,Proposition 7.1,7.9,298,319,reference_only,正文再次引用同编号；此页不是新声明,existing_candidate_table+text_context,reference_only,,,,不计入编号声明数量
CH07-NUM-003,Lemma 7.1,7.9,299,320,lemma,ST 与 TS 的唯一不变分布之间的转换关系,docs/reviews/2026-10-05-InvariantDistributionSwap/REVIEW.zh-CN.md;docs/verification/2026-10-05-InvariantDistributionSwap/full-check01/CHECK_REPORT.json,full_local_markov_measure_proof_semantic_pending,真实Markov核S/T；真实唯一不变概率measure；目标换序未作输入；原额外ergodicity无需用于已假设唯一性结论,实际measure action/概率归一化/真实结合律/转移不变性/迭代恒等与两关系完整证明；具体数值核存在ergodicity和density表示单独；负责人pending,MolecularDynamics/Chapter07/InvariantDistributionSwap.lean,299--300/PDF320--321目视；核复合先T后S；actual probability measures而非自由符号；未冒称整章完成
CH08-NUM-001,Proposition 8.1,8.2,338,359,proposition,两个各有平稳扩展密度的 thermostat 组合后有乘积型平稳密度,rendered_pdf_page,original_page_checked,两套扩展变量；各自平稳性；联合生成元可加,证明需核对归一化及耦合依赖,,只核对定位和概要；公式/量词未必完成逐项语义审阅
CH08-NUM-002,Proposition 8.2,8.4.1,344,365,proposition,若 F、G 生成的 Lie 代数张成 R^m，则增广 SDE 满足 Hörmander 条件,rendered_pdf_page,original_page_checked,向量场光滑；噪声 σ≠0；在相关域逐点张成,证明跨 PDF 365–366,,只核对定位和概要；公式/量词未必完成逐项语义审阅
CH08-NUM-003,Theorem 8.1,8.4.1,346,367,theorem,正定且特征值互异的二次势 NHL 系统满足 Hörmander 条件,rendered_pdf_page,original_page_checked,A 对称正定且谱互异；M=I；无约束,仅陈述页已核对；后续证明待核对,,只核对定位和概要；公式/量词未必完成逐项语义审阅
CH08-NUM-004,Lemma 8.1,8.4.1,347,368,lemma,NHL 二次势模型中 Ck、Dk 两列迭代 Lie 括号向量的显式式,rendered_pdf_page,original_page_checked,A 的幂；F/G Lie 代数；k≥1,教材称按 k 归纳直接，指向习题,,只核对定位和概要；公式/量词未必完成逐项语义审阅
CH08-NUM-005,Proposition 8.3,8.4.1,347,368,proposition,"A 对称正定且特征值互异时，C1,D1,…,CNc,DNc 在域 D 线性独立",rendered_pdf_page,original_page_checked,A 谱互异；域排除零坐标情形；向量定义,证明始于 PDF 368，结尾 PDF 369 已核,,只核对定位和概要；公式/量词未必完成逐项语义审阅
CH03-DEF-001,Definition 3.1,3.6.2,130,152,definition,仿射不变数值方法：非奇异线性变量替换前后产生相应轨道序列,rendered_pdf_page,original_page_checked,ODE 及变量替换；数值方法更新映射,定义后紧接对称性推出时间可逆性的未编号断言,,
CH05-DEF-001,Definition 5.1,5.4.1,197,218,definition,能量面上几乎所有初始轨道的时间平均等于相空间平均时称遍历,rendered_pdf_page,original_page_checked,能量面测度；可观测量可积性；时间平均极限,书中随后给出不变集合概率零一的替代表述；等价性待审,,
CH06-ASM-001,Assumption 1,6.4.4,252,273,assumption,小集可达性与转移核密度连续性条件,rendered_pdf_page,original_page_checked,Markov 过程；转移核；集合 C,外部小集/minorization 结果需追踪,,
CH06-ASM-002,Assumption 2,6.4.4,252,273,assumption,趋于无穷的 Lyapunov 函数满足生成元负漂移加常数界,rendered_pdf_page,original_page_checked,生成元定义域；正系数；非紧状态域,外部 Foster-Lyapunov/几何遍历定理需追踪,,
CH06-DEF-001,Definition 6.1,6.4.4,254,275,definition,开放域内扩散向量场及与漂移场的迭代 Lie 括号在每点张成全空间,rendered_pdf_page,original_page_checked,C∞ 向量场；Lie 括号；逐点张成,与后续 hypoellipticity/密度结果的连接须单列,,
CH01-DEP-001,Eq. (1.2),1.1,6,29,model,N 个核的牛顿方程与势能梯度；须补初始位置和速度,rendered_pdf_page,original_page_checked,质量；力-势能关系；初值,,,仅本页锚点核对；未表示所在节逐页审完
CH01-DEP-002,Eq. (1.3),1.2,18,41,model,对角质量矩阵形式的 N-body 二阶方程 M q¨=F(q)=-∇U(q),rendered_pdf_page,original_page_checked,坐标/粒子索引；梯度正则性,,MolecularDynamics.NBodyEquationAt,仅本页锚点核对；未表示所在节逐页审完
CH01-DEP-003,Eq. (1.4),1.2,18,41,definition,总能量是粒子动能和势能之和；3D 粒子质量在三个坐标重复,rendered_pdf_page,original_page_checked,N、N_d、N_c；质量,,MolecularDynamics.nBodyTotalEnergy,仅本页锚点核对；未表示所在节逐页审完
CH01-CLM-007,harmonic oscillator solution,1.2,20,43,claim,一维谐振子给出三角函数显式解及二次能量,rendered_pdf_page,original_page_checked,单位质量；初值；频率；三角函数求导,作为 ODE/守恒语义测试例,,仅本页锚点核对；未表示所在节逐页审完
CH01-CLM-001,unnumbered energy conservation,1.2,19,42,claim,沿满足牛顿方程的充分光滑解，总机械能导数为零并保持常数,rendered_pdf_page,original_page_checked,时间轨道；链式法则；质量常数；U 可微,教材给一行计算；尚无轨道模型,,仅本页锚点核对；未表示所在节逐页审完
CH01-CLM-002,unnumbered total momentum,1.2,19,42,claim,粒子间力成对相消时，总动量三个分量守恒,rendered_pdf_page,original_page_checked,封闭 N-body；作用-反作用；粒子动量定义,教材给简短推导,,仅本页锚点核对；未表示所在节逐页审完
CH01-DEP-004,Lagrangian transformation,1.3,23,46,model,坐标变换诱导速度变换和构型相关质量矩阵,rendered_pdf_page,original_page_checked,变换光滑且满秩；广义质量矩阵可逆,公式原页核对；§1.3 前页尚未细读,,仅本页锚点核对；未表示所在节逐页审完
CH01-DEP-011,Lagrangian definition,1.3,22,45,definition,"L(q,q̇)=1/2 q̇ᵀMq̇-U(q)",rendered_pdf_page,original_page_checked,质量矩阵对称；坐标维数；势能,与 §1.4 Legendre 变换相连,MolecularDynamics.Lagrangian,仅本页锚点核对；未表示所在节逐页审完
CH01-DEP-005,Hamiltonian via Legendre,1.4,24,47,definition,动量 p=M(q)v，Hamiltonian 为 1/2 pᵀM(q)⁻¹p+U(q),rendered_pdf_page,original_page_checked,M(q) 对称正定而非仅可逆；Legendre 上确界有限,教材只写可逆性；作为凸变换还需正定,MolecularDynamics.SeparableEnergy.hamiltonian,仅本页锚点核对；未表示所在节逐页审完
CH01-CLM-003,unnumbered global solution criterion,1.5,25,48,claim,能量下界控制动量；势能子水平集有界时轨道被限制在紧集,rendered_pdf_page,original_page_checked,质量正定；U 连续；局部 Lipschitz；域内紧性；延拓定理,教材叙述无完整全局延拓证明,,仅本页锚点核对；未表示所在节逐页审完
CH01-CLM-004,unnumbered compact confinement,1.5,26,49,claim,势能各相关等值集均匀有界时，固定能量解的位置保持有界,rendered_pdf_page,original_page_checked,子水平集紧性；能量守恒；配置空间域,等值集条件到子水平集有界的推导须审,,仅本页锚点核对；未表示所在节逐页审完
CH01-DEP-006,Eq. (1.5) flow map,1.5.1,26,49,definition,初值问题的流映射、组合律、逆映射和 Hamiltonian 不变量,rendered_pdf_page,original_page_checked,唯一且双向全局存在；连续依赖；能量守恒,局部流与全局流需区分,,仅本页锚点核对；未表示所在节逐页审完
CH01-DEP-012,first integral,1.5.2,28,51,definition,沿所有初值解恒定的光滑函数 I；光滑自治场情形满足 ∇I·f=0,rendered_pdf_page,original_page_checked,解存在；I 可微；f 连续；链式法则,教材把 ∇I·f=0 作为全空间判据,,仅本页锚点核对；未表示所在节逐页审完
CH01-CLM-008,Kepler angular momentum,1.5.2,29,52,claim,固定中心的平面 Kepler 势旋转不变，角动量保持常数,rendered_pdf_page,original_page_checked,原点避碰域；势旋转不变；质量归一,教材给极坐标计算,,仅本页锚点核对；未表示所在节逐页审完
CH01-DEP-007,Eq. (1.6) equilibrium,1.5.3,31,54,definition,自治 ODE 平衡点满足 f(z*)=0，对应常值解,rendered_pdf_page,original_page_checked,自治向量场；解唯一性用于识别轨道,,,仅本页锚点核对；未表示所在节逐页审完
CH01-EXT-001,Hartman-Grobman reference,1.5.3,32,55,external_result,双曲平衡附近非线性与线性化系统的拓扑共轭叙述,rendered_pdf_page,original_page_checked,双曲性；局部域；共轭正则性,"引 [177,362]；书中写 smooth invertible，标准结论正则性需另核",,仅本页锚点核对；未表示所在节逐页审完
CH01-DEP-008,Lyapunov stability,1.5.3,32,55,definition,任意 ε>0 存在 δ>0，使 δ 内初值的正向全轨道一直留在 ε 邻域,rendered_pdf_page,original_page_checked,正向所有时间的流存在；相空间范数,原文写 sup_{t≥0}；量词需精确转写,,仅本页锚点核对；未表示所在节逐页审完
CH01-DEP-009,strong local minimum,1.5.3,32,55,definition,某 ε 邻域内所有其他 q 的势能严格高于 U(q*),rendered_pdf_page,original_page_checked,U 连续/光滑；q* 在域内部,不能与 Hessian 正定混同,,仅本页锚点核对；未表示所在节逐页审完
CH01-CLM-005,Hessian sufficient condition,1.5.3,33,56,claim,正定 Hessian 给出二次线性化能量的严格极小条件,rendered_pdf_page,original_page_checked,U 为 C²；Hessian 正定；M 正定,这是 Theorem 1.1 的更强特例,,仅本页锚点核对；未表示所在节逐页审完
CH01-DEP-013,periodic-boundary potential,1.6,35,58,model,周期镜像下截断的成对势求和模型,rendered_pdf_page,original_page_checked,周期盒；镜像截断规则；距离和势定义域,无限镜像与有限截断须区分,,仅本页锚点核对；未表示所在节逐页审完
CH01-CLM-010,stationary gradient,1.6.1,36,59,claim,内点势能极小值满足 ∇U(q*)=0,rendered_pdf_page,original_page_checked,U 在点可微；q* 为配置域内点,该必要条件不能反推极小,,仅本页锚点核对；未表示所在节逐页审完
CH01-RISK-001,Hessian at minimum,1.6,37,60,semantic_risk,正文将势能极小处的 Hessian 描述为正定；一般极小值只保证半正定,rendered_pdf_page,original_page_checked,U C²；严格极小也不保证正定，例如 x⁴,不能以该句作为无条件引理,,仅本页锚点核对；未表示所在节逐页审完
CH01-CLM-009,central-force angular momentum,1.7,39,62,claim,径向成对势的中心力使总角动量导数为零,rendered_pdf_page,original_page_checked,三维叉积；成对作用力；解可微；边界条件,教材同页注释周期边界保线动量但不保角动量,,仅本页锚点核对；未表示所在节逐页审完
CH01-DEP-014,chaotic flow criteria,1.7.1,41,64,definition,以初值敏感性和相空间域上的拓扑传递性描述混沌特征,rendered_pdf_page,original_page_checked,流及正向存在；域与拓扑；敏感性量词,教材用典型条件和数值实验，不是普遍定理,,仅本页锚点核对；未表示所在节逐页审完
CH01-CLM-006,Eq. (1.10),1.7.2,44,67,claim,流对初值的 Jacobian 满足变分方程 W'=f'(z(t))W,rendered_pdf_page,original_page_checked,流对初值可微；f 正则；导数可交换,教材按链式法则给出,,仅本页锚点核对；未表示所在节逐页审完
CH01-DEP-010,Lyapunov exponents,1.7.2,45,68,definition,用变分矩阵奇异值增长率的上极限定义 Lyapunov 指数,rendered_pdf_page,original_page_checked,全局流；奇异值排序；极限/上极限,,,仅本页锚点核对；未表示所在节逐页审完
CH02-CLM-001,Liouville volume preservation,2.3.1,72,94,claim,真实散度零C¹场的指定联合C²解族保持Lebesgue集合像体积；Hamiltonian散度零实例已证明,rendered_pdf_page,joint_C2_general_liouville_volume_full_check_passed_weaker_regularity_pending,实际C¹场与真实trace Df=0；联合C²实际Phi/真实闭区间ODE与初始identity；可测集合,一般散度零/实际ODE变分、det和Lebesgue体积已推导；较弱C¹流构造/局部域一般性与全球存在pending；负责人签核pending,textbookHamiltonianVectorField_divergence_zero;textbookSolutionFamilyJacobian_hasDerivAt;textbookMatrixDet_hasDerivAt_of_linearODE;textbookDivergenceFreeFlow_volume_image_of_jointC2,2026-10-05T05:48:53.9967372+08:00--2026-10-05T05:50:00.0635697+08:00退出0；9013jobs、零警告、627项审计声明仅基础三公理、96项输入稳定，固定版本/Scratch/扫描/公理全部通过; 72/PDF94目视；未供应变分/det/单射/体积结论；明确joint C2模型
CH02-DEP-001,symplectic map,2.3.3,76,98,definition,C¹ 映射的 Jacobian 满足 DΦᵀ J DΦ=J,rendered_pdf_page,actual_map_proof_full_check_passed_responsible_pending,相空间偶数维；标准 J；可微,真实Jacobian/标准形式保持/式(2.17)等价完整验收；一般流与集合体积独立待补,MolecularDynamics.IsTextbookSymplecticMap; MolecularDynamics.isTextbookSymplecticMap_iff_preserves_form; MolecularDynamics.textbookJacobian,Actual derivative coordinate bridge full-check01 passed23:58:04;8994jobs;0warnings;447axiom declarations. Responsible signoff pending.
CH03-DEP-001,formal modified Hamiltonian,3.1,100,122,model,将修正 Hamiltonian 写成步长 h 的形式幂级数,rendered_pdf_page,original_page_checked,形式级数与收敛函数须区分；辛映射,教材后文说明级数通常不收敛,,仅本页锚点核对；未表示所在节逐页审完
CH04-CLM-001,constrained cotangent invariance,4.3,152--153,174--175,claim,约束反力乘子方程在矩阵可逆时给出切/余切束不变性,rendered_pdf_page,actual_reaction_solution_interval_invariance_full_check_passed_responsible_pending,Actual C2 constraints; actual Gram det nonzero along real closed-interval ODE solution; actual initial position/hidden constraints,Actual solution-interval proof and physical positive-mass/independent-gradient Gram condition derived; global ODE existence and numerical nonlinear branch separate,MolecularDynamics.textbookConstraintCurvature; MolecularDynamics.textbookConstrainedReactionMultiplier; MolecularDynamics.textbookConstrainedReaction_balance; MolecularDynamics.textbookConstrainedODE_cotangent_invariant; MolecularDynamics.textbookConstrainedODE_cotangent_invariant_of_mass_and_independence,"2026-10-05T04:18:20.2240225+08:00--2026-10-05T04:24:21.6165953+08:00退出0；9008jobs、零警告、590项审计声明仅基础三公理、91项输入稳定，固定版本/Scratch/扫描/公理全部通过; true ODE derivatives and preservation derived, not supplied"
CH04-EXT-001,SHAKE/RATTLE equivalence proof,4.3.5,162,184,external_result,SHAKE 与 RATTLE 位置迭代的对应及 RATTLE 辛性论证,rendered_pdf_page,original_page_checked,约束流形和余切束；投影可解性；两方法的初值匹配,教材把关键等价证明放在习题，RATTLE 辛性细节指 [229],,仅本页锚点核对；未表示所在节逐页审完
CH05-DEP-001,Liouville equation,5.2.2,184,205,model,密度时间变化由概率流出入和散度定理描述,rendered_pdf_page,original_page_checked,ρ 光滑可积；边界通量；微分与积分交换,教材以光滑密度推导；弱解另需审,,仅本页锚点核对；未表示所在节逐页审完
CH05-DEP-002,stationary generalized distribution,5.3.2,189,210,definition,稳态 Liouville 解可用测试函数积分的弱意义定义,rendered_pdf_page,original_page_checked,分布/测试函数；算子对偶；能量面测度,教材指出 Dirac 分布不能直接微分,,仅本页锚点核对；未表示所在节逐页审完
CH06-CLM-001,Brownian spectral-gap/ergodicity,6.4.3,251,272,claim,周期配置域的 Brownian dynamics 生成元有谱隙，平滑观测量平均指数收敛,rendered_pdf_page,original_page_checked,周期边界；势能光滑；C² 测试函数；谱分析,本页列性质而无完整证明,,仅本页锚点核对；未表示所在节逐页审完
CH06-EXT-001,"[257, Theorem 2.5]",6.4.4,251,272,external_result,退化随机扩散的几何遍历结论所依赖的外部定理,rendered_pdf_page,original_page_checked,小集/minorization；Lyapunov 漂移；生成元,教材明说不证明，证明基本见 [257],,仅本页锚点核对；未表示所在节逐页审完
CH06-DEP-001,Fokker-Planck derivation,6.3.6,241,262,model,从 SDE 生成元及分部积分推导概率密度的前向方程,rendered_pdf_page,original_page_checked,系数多项式增长；ρ 光滑并在无穷远衰减；分部积分,数学条件及弱解需单列,,仅本页锚点核对；未表示所在节逐页审完
CH06-EXT-002,"[257, Lemma 3.4]",6.4.4,256,277,external_result,Wiener 路径以正概率留在给定连续路径管内的引理，用于 Langevin 小集可达性,rendered_pdf_page,original_page_checked,Wiener 支持性质；解对驱动路径的依赖,教材引用而未证明；所用正概率步骤另引 [349],,仅本页锚点核对；未表示所在节逐页审完
CH07-DEP-001,weak error and order,7.2,265,286,definition,弱误差以测试函数期望差定义，弱阶 r 由 h^r 界给出,rendered_pdf_page,original_page_checked,可观测量类；矩条件；固定终时；取最大值的网格,与强误差和采样偏差分开,,仅本页锚点核对；未表示所在节逐页审完
CH07-CLM-001,Gibbs preservation under exact splitting,7.6,282,303,claim,两个各自保持 Gibbs 密度的精确子流组合仍保持它,rendered_pdf_page,original_page_checked,子流不变性；组合定义；密度归一化,教材本页给算子等式；数值近似须分开,,仅本页锚点核对；未表示所在节逐页审完
CH07-EXT-001,Ge-Marsden [400],7.6,282,303,external_result,有关辛方法与精确能量守恒同时成立的限制性定理,rendered_pdf_page,original_page_checked,辛映射；第一积分；时间重参数化的准确版本,教材引用 [400]，本轮未核原文条件,,仅本页锚点核对；未表示所在节逐页审完
CH08-DEP-001,extended invariant density,8.1,331,352,model,"扩展变量方法设计联合平稳密度 ρβ(q,p)ρ̂(ξ)",rendered_pdf_page,original_page_checked,平稳性；归一化；边缘化；遍历性,正文强调遍历性可能失败,,仅本页锚点核对；未表示所在节逐页审完
CH08-EXT-001,NHL accessibility proof,8.4.1,348,369,external_result,Nosé-Hoover-Langevin 的 Assumption 1(i) 可达性证明被教材省略,rendered_pdf_page,original_page_checked,扩散可达性；Hörmander；小集条件,"教材明说省略；细节指 [283]、更一般 SDE 例子 [256,257]",,仅本页锚点核对；未表示所在节逐页审完
APPA-DEP-001,pair-force accumulation,A,403,423,algorithm,由成对势导数累计粒子 i、j 的相反作用力,rendered_pdf_page,original_page_checked,r>0；势可微；成对索引；避免重复,仅算法原页；长程/PME 未审,,仅本页锚点核对；未表示所在节逐页审完
APPB-DEP-001,probability-space basics,B,407,426,definition,概率空间三元组及离散/连续密度给出事件概率,rendered_pdf_page,original_page_checked,σ-代数；概率测度归一化；可测性,附录后页未细读,,仅本页锚点核对；未表示所在节逐页审完
APPC-CLM-001,detailed balance implies invariance,C,414,432,claim,转移密度满足详细平衡时目标密度在一步更新下不变,rendered_pdf_page,original_page_checked,转移核归一化；可测可积；交换积分,本页给积分等式；收敛需另需不可约等条件,,仅本页锚点核对；未表示所在节逐页审完
APPC-CLM-002,Monte-Carlo CLT,C,413,431,external_result,独立同分布且方差有限时经验均值的归一化误差趋于正态,rendered_pdf_page,original_page_checked,i.i.d.；有限正方差；分布收敛,教材略述；外部 CLT 依赖,,仅本页锚点核对；未表示所在节逐页审完
CH02-CLM-002,Stability plus consistency implies order-p convergence,2.2.3,66--67,88--89,claim,稳定性与p阶一致性推出实际数值解的式(2.12)、全网格p阶误差及最大误差趋零,rendered_pdf_pages,local_statement_reviewed_responsible_signoff_pending,K≥0; L>0; p>0 for convergence; exact/numerical containment; fixed positive horizon; uniform constants,完整证明与固定版本full-check01通过；负责人最终语义签核pending,MolecularDynamics.oneStep_error_bound; MolecularDynamics.oneStepMaxError_order_bound; MolecularDynamics.oneStep_converges_of_consistency_stability,Actual recurrence derived from maps. Original h<δ consistency and h≤δ stability retained. 2026-10-04 23:04:36 full-check01 passed; 8992jobs;0warnings;397axiom declarations.
CH02-CLM-003,Symplectic form coordinate pullback and determinant,2.3.3,76--78,98--100,claim,标准辛形式真实楔积与矩阵拉回等价；辛矩阵行列式为1,rendered_pdf_pages,local_statement_reviewed_responsible_signoff_pending,Finite labeled q/p coordinates; exact J sign; actual bilinear forms,Actual joint C2 flow Jacobian bridge now derived in CH02-CLM-011; weaker family regularity and set-volume transport still separate,MolecularDynamics.textbookSymplecticForm_eq_sum_wedges; MolecularDynamics.isTextbookSymplectic_iff_pullback; MolecularDynamics.IsTextbookSymplectic.det_eq_one,Full-check01 passed2026-10-04 23:29:42;8993jobs;0warnings;428axiom declarations. Matrix product/inverse closure supplies2.3.5algebra but not a global nonlinear-map-group claim.
CH02-CLM-004,The global C1 symplectic diffeomorphisms form a group,2.3.5,79,101,claim,实际整体可逆C¹辛映射在复合下组成群,rendered_pdf_page,local_full_check_passed_textbook_gap_recorded_responsible_pending,Actual Equiv; C1 forward and inverse; standard form preservation,原文由Jacobian可逆推出整体可逆的缺口已记录；修正后的全局C¹群完整证明,MolecularDynamics.textbookSymplecticDiffeomorphismGroup; MolecularDynamics.IsTextbookSymplecticEquiv.symm; MolecularDynamics.textbookJacobian_equiv_symm,Fixed full-check01 passed23:58:04;8994jobs;0warnings;447axiom declarations;77stable inputs. Actual subgroup group laws and inverse derivative proved; not a group claim for arbitrary local maps.
CH02-CLM-005,Hamiltonian variational matrices preserve the symplectic form,2.3.4,79,101,proof_dependency,真实时变变分方程W′=JS(t)W、S对称、W0=I推出整个解区间矩阵辛条件,rendered_pdf_page,local_dependency_full_check_passed_actual_flow_gap_pending_responsible_pending,Actual matrix curve derivative; genuine C2 Hessian or symmetric S; initial identity,True nonlinear ODE-to-Jacobian equation now derived for explicitly joint C2 real families in CH02-CLM-011; general weaker C1 regularity construction from H C2 remains pending,MolecularDynamics.hamiltonian_variational_form_constant; MolecularDynamics.hamiltonian_hessian_variational_isSymplectic; MolecularDynamics.hamiltonian_flow_isSymplectic_of_variational_equation,Full-check01 passed2026-10-05 00:10:57;8995jobs;0warnings;455axiom declarations;78stable inputs. Entire closed interval including initial endpoint; actual Jacobian bridge explicit conditional.
CH02-CLM-006,Symplectic Euler is symplectic,2.3.6,80--81,102--103,claim,由实际C²势能负偏导构建的动量先行辛Euler保持标准辛形式,rendered_pdf_pages,local_full_check_passed_responsible_signoff_pending,Global C2 coordinate potential; diagonal inverse mass coefficients; actual derivatives,完整几何正文证明与必要全局逆已通过；数值误差阶数/开域留域不计本批,MolecularDynamics.textbookSymplecticEuler_isSymplectic; MolecularDynamics.textbookSymplecticEulerEquiv_isSymplectic,Actual force Jacobian symmetry derived from C2 U. Full-check01 passed2026-10-05 00:30:13;8996jobs;0warnings;479axiom declarations;79stable inputs. Responsible signoff pending.
CH02-CLM-007,Adjoint method identities and symplectic Euler adjoint,2.3.7,81--82,103--104,claim,真实负步长逆的伴随满足双伴随恒等；真实Flow自伴随；辛Euler伴随给出式(2.22)--(2.23),rendered_pdf_pages,local_full_check_passed_responsible_signoff_pending,Genuine equivalences; actual Flow; C2 potential for symplectic Euler,正文恒等式完整证明；普通Euler逆存在/后向唯一性没有无条件宣称,MolecularDynamics.textbookAdjointMethod_involutive; MolecularDynamics.textbookFlowMethod_isSelfAdjoint; MolecularDynamics.textbookAdjointSymplecticEuler_momentum,2026-10-05T00:46:40.9560799+08:00--2026-10-05T00:57:46.8211001+08:00退出0；8997jobs、零警告、492项审计声明仅基础三公理、80项输入稳定，固定版本/Scratch/扫描/公理全部通过 Responsible signoff pending.
CH02-CLM-008,Hamiltonian splitting local error,2.4.1,83,105,claim,真实C²Hamiltonian分裂精确流F1_h(F2_hu)对全场精确流具有导出的局部二阶误差和正式右侧IsBigO,rendered_pdf_page,local_full_check_passed_responsible_signoff_pending,Actual C2 Hamiltonians on open domain; genuine local ODE flows; common retained interval; joint continuity,局部误差完整证明；全时间一阶还需稳定性，不宣称本批完成,MolecularDynamics.exists_hamiltonian_splitting_localError_bound; MolecularDynamics.exists_flow_splitting_localError_bound,2026-10-05T01:12:54.9763596+08:00--2026-10-05T01:15:15.9851812+08:00退出0；8998jobs、零警告、498项审计声明仅基础三公理、81项输入稳定，固定版本/Scratch/扫描/公理全部通过; all error constants derived. Responsible signoff pending.
CH02-CLM-009,Half-step composition symmetry and symplecticity,2.4.1--2.4.2,85,107,claim,真实方法与伴随半步合成为自伴随；实际C¹辛映射合成保持辛性,rendered_pdf_page,local_full_check_passed_accuracy_gap_pending_responsible_pending,Actual C1 Jacobians; genuine equivalences for adjoints,代数/几何完整证明；对称偶阶及一般数值阶数单独pending，不由自伴随恒等替代,MolecularDynamics.textbookSymmetricComposition_isSelfAdjoint; MolecularDynamics.textbookComposeMaps_isSymplectic,2026-10-05T01:25:51.6353169+08:00--2026-10-05T01:26:56.1814665+08:00退出0；8999jobs、零警告、507项审计声明仅基础三公理、82项输入稳定，固定版本/Scratch/扫描/公理全部通过; responsible signoff pending.
CH02-CLM-010,Conjugate iterates and processed methods,2.4.5,88,110,claim,真实Homeomorph共轭的全部迭代恒等和对应收敛；预处理/迭代/后处理完全实现共轭G并具有相同最大误差,rendered_pdf_page,local_full_check_passed_responsible_signoff_pending,Genuine homeomorphism; actual function iterates; correctly transformed initial data,完整迭代/对应收敛/处理恒等；不由共轭独自宣称精度提高或一般Lyapunov稳定性,MolecularDynamics.textbook_conjugate_iterates; MolecularDynamics.textbook_conjugate_iterates_tendsto_iff; MolecularDynamics.textbookProcessedMaxError_eq_of_conjugacy,2026-10-05T01:33:51.2385174+08:00--2026-10-05T01:34:54.7693229+08:00退出0；9000jobs、零警告、517项审计声明仅基础三公理、83项输入稳定，固定版本/Scratch/扫描/公理全部通过; responsible signoff pending.
CH03-CLM-001,Lie derivatives and canonical Poisson identities,3.2,100--102,122--124,claim,真实ODE一二阶Lie导数；真实Poisson坐标式、双线性、反对称、C² Jacobi及真实闭区间Hamiltonian能量守恒,rendered_pdf_pages,local_full_check_passed_responsible_signoff_pending,Actual Frechet derivatives; C1 field/C2 observable for second time derivative; C2 for Jacobi,完整微分与代数证明；形式指数收敛不计完成,MolecularDynamics.textbookPoissonBracket_jacobi; MolecularDynamics.textbookHamiltonian_energy_const_on_Icc,2026-10-05T01:59:04.0881969+08:00--2026-10-05T02:00:09.2008758+08:00退出0；9001jobs、零警告、535项审计声明仅基础三公理、84项输入稳定，固定版本/Scratch/扫描/公理全部通过; responsible signoff pending.
CH03-CLM-002,Hamiltonian Lie commutator sign,3.3,104--105,126--127,claim,"在L_H F={F,H}和AB-BA定义下，真实交换子等于L_{H2,H1}，记录原文下一行反序",rendered_pdf_pages,corrected_local_full_check_passed_original_sign_discrepancy_responsible_pending,Actual C2 Hamiltonians/observable and textbook J convention,"p105 first derived H2,H1; next line H1,H2 has opposite sign. Higher actual BCH Hamiltonian matching still pending.",MolecularDynamics.textbookHamiltonianLieDerivative_commutator,2026-10-05T01:59:04.0881969+08:00--2026-10-05T02:00:09.2008758+08:00退出0；9001jobs、零警告、535项审计声明仅基础三公理、84项输入稳定，固定版本/Scratch/扫描/公理全部通过; corrected sign explicitly reviewed.
CH03-CLM-003,Formal exponential splitting and half-commutator matching,3.3,103--105,125--127,proof_dependency,真实非交换形式指数Cauchy乘积到三阶；二阶半交换子；零常数生成元形式指数部分系数稳定与低阶匹配,rendered_pdf_pages,formal_coefficient_proofs_full_check_passed_actual_flow_gap_pending_responsible_pending,Associative real algebra; true zero-constant PowerSeries generator,Formal identities complete; actual flow Taylor remainder/higher modified Hamiltonian matching still pending,MolecularDynamics.textbookFormalOperatorDifference_coeff_two; MolecularDynamics.textbookFormalOperatorDifference_coeff_three; MolecularDynamics.textbookFormalModifiedExponential_matches_product,2026-10-05T02:15:31.1280668+08:00--2026-10-05T02:16:37.3292821+08:00退出0；9002jobs、零警告、551项审计声明仅基础三公理、85项输入稳定，固定版本/Scratch/扫描/公理全部通过; responsible signoff pending.
CH03-CLM-004,Uniform finite modified-Hamiltonian bounds,3.4,114--115,136--137,proof_dependency,真实有限修正Hamiltonian的统一紧集余项与C¹紧凸域Lipschitz界,rendered_pdf_page,local_dependency_full_check_passed_responsible_pending,Finite actual coefficients continuous on compact B; C1 on open D containing convex B for Lipschitz,Complete dependency only; actual high-order modified-Hamiltonian construction/matching and whole Theorem3.1 pending,MolecularDynamics.exists_uniform_textbookTruncatedHamiltonian_remainder; MolecularDynamics.textbookTruncatedHamiltonian_difference_isBigO; MolecularDynamics.exists_uniform_textbookTruncatedHamiltonian_lipschitz,2026-10-05T02:35:01.8160073+08:00--2026-10-05T02:36:06.7156668+08:00退出0；9003jobs、零警告、557项审计声明仅基础三公理、86项输入稳定，固定版本/Scratch/扫描/公理全部通过
CH03-CLM-005,Actual finite numerical energy drift,3.4,115--116,137--138,proof_dependency,真实修改Hamiltonian ODE守恒及数值迭代端点缺陷和推出有限能量漂移,rendered_pdf_page,local_dependency_full_check_passed_conditional_rate_responsible_pending,Actual retained modified ODE curves; actual compact C1 finite truncation; numerical retention,"Primary defect-sum theorem complete; rate explicitly conditional on uniform flow defect, construction of high-order matching and whole Theorem3.1 pending",MolecularDynamics.oneStep_energy_telescoping; MolecularDynamics.textbook_energy_drift_le_actual_defects; MolecularDynamics.textbook_energy_drift_rate_of_flow_defect,2026-10-05T02:47:12.7691857+08:00--2026-10-05T02:48:18.2078414+08:00退出0；9004jobs、零警告、561项审计声明仅基础三公理、87项输入稳定，固定版本/Scratch/扫描/公理全部通过
CH04-CLM-002,Finite multiple-constraint momentum correction preserves the restricted form,4.3.4,160,182,body_proved_conclusion,正文有限多约束校正的实际可微性及约束参数图辛形式拉回恒等,rendered_pdf_page,local_full_check_passed_responsible_pending,Actual finite C2 constraint functions; differentiable multipliers; real position constraints near chart point,Whole constrained algorithm/implicit branch existence separate; no ambient symplecticity without chart restriction,MolecularDynamics.textbookMultiConstrainedMomentum; MolecularDynamics.differentiableAt_textbookMultiConstrainedMomentum; MolecularDynamics.textbookMultiConstrainedMomentum_preserves_pullback,2026-10-05T03:16:19.1031508+08:00--2026-10-05T03:17:25.4862064+08:00退出0；9005jobs、零警告、570项审计声明仅基础三公理、88项输入稳定，固定版本/Scratch/扫描/公理全部通过
CH04-CLM-003,Constrained Euler stages preserve the restricted form,4.3.4,159--160,181--182,body_proved_conclusion,真实可微乘子与实际初末位置约束下约束Euler各阶段的完整辛形式拉回证明,rendered_pdf_page,actual_stages_full_check_passed_solving_branch_construction_pending_responsible_pending,Actual C2 potential/constraints; actual differentiable initial charts and multipliers; true initial/final position constraints,"Actual final Gram solve, mu C1 and hidden constraint now constructed in CH04-CLM-004/005; initial nonlinear lam branch still pending; a records force sign, no order claimed",MolecularDynamics.textbookProjectedEulerPreMomentum; MolecularDynamics.textbookProjectedEulerPosition; MolecularDynamics.textbookProjectedEulerChart; MolecularDynamics.textbookProjectedEulerChart_preserves_pullback,2026-10-05T03:37:12.6736101+08:00--2026-10-05T03:38:17.0707682+08:00退出0；9006jobs、零警告、576项审计声明仅基础三公理、89项输入稳定，固定版本/Scratch/扫描/公理全部通过
CH04-CLM-004,Actual Gram projection solves the hidden constraint,4.3.4,159;153,181;175,proof_dependency,实际Gram矩阵逆公式构造最终μ与P并推导全部隐藏余切约束,rendered_pdf_page,actual_hidden_constraint_construction_full_check_passed_responsible_pending,Actual derivative-row Jacobian; actual diagonal inverse mass; actual Gram determinant nonzero,Actual mu/projection C1 and final stage proved in CH04-CLM-005; physical Gram nondegeneracy proved in CH04-CLM-006; initial nonlinear lam solving branch pending,MolecularDynamics.textbookConstraintJacobian; MolecularDynamics.textbookConstraintGram; MolecularDynamics.textbookCotangentMultiplier; MolecularDynamics.textbookCotangentProjection_hiddenConstraint; MolecularDynamics.textbookCotangentProjection_constraint_derivative_zero,2026-10-05T03:52:04.7184655+08:00--2026-10-05T03:53:09.0242473+08:00退出0；9007jobs、零警告、586项审计声明仅基础三公理、90项输入稳定，固定版本/Scratch/扫描/公理全部通过
CH04-CLM-005,Actual Gram multiplier C1 and constructed final constrained stage,4.3.4,159--160;153,181--182;175,proof_dependency,实际Gram逆公式导出μ/P的C¹，构造最终数值阶段并推导隐藏约束及完整三阶段拉回,rendered_pdf_page,actual_final_stage_and_regularities_full_check_passed_initial_nonlinear_branch_pending_responsible_pending,"Actual C2 constraints/potential; actual C1 q,p and initial lam branch; true position-solving properties; actual final Gram det nonzero","Physical Gram nondegeneracy derived in CH04-CLM-006; initial nonlinear solving branch, force mapping/order and responsible signoff separate",MolecularDynamics.contDiffAt_textbookCotangentMultiplier; MolecularDynamics.contDiffAt_textbookCotangentProjection; MolecularDynamics.textbookCotangentProjection_preserves_pullback; MolecularDynamics.textbookGramProjectedEulerChart; MolecularDynamics.textbookGramProjectedEulerChart_hiddenConstraint_and_pullback,2026-10-05T04:38:36.2957845+08:00--2026-10-05T04:39:40.8062065+08:00退出0；9009jobs、零警告、599项审计声明仅基础三公理、92项输入稳定，固定版本/Scratch/扫描/公理全部通过
CH04-CLM-006,Physical hypotheses imply actual Gram nondegeneracy,4.3;4.3.4,153;159,175;181,proof_dependency,正质量和真正约束梯度线性独立导出实际Gram正定/正行列式并接入正文物理投影/C¹/ODE不变性,rendered_pdf_page,actual_physical_gram_full_check_passed_responsible_pending,Actual positive masses; actual linearly independent constraint gradients; C2/solution data for respective corollaries,Initial nonlinear numerical branch and global ODE existence separate; responsible signoff pending,MolecularDynamics.textbookConstraintGram_posDef; MolecularDynamics.textbookConstraintGram_det_pos; MolecularDynamics.textbookCotangentProjection_hiddenConstraint_of_mass_and_independence; MolecularDynamics.contDiffAt_textbookCotangentMultiplier_of_mass_and_independence; MolecularDynamics.textbookConstrainedODE_cotangent_invariant_of_mass_and_independence,2026-10-05T04:48:44.1034596+08:00--2026-10-05T04:49:48.0517441+08:00退出0；9010jobs、零警告、607项审计声明仅基础三公理、93项输入稳定，固定版本/Scratch/扫描/公理全部通过
CH02-CLM-011,Genuine joint C2 Hamiltonian flow variations and symplecticity,2.3.4;4.3.1,79;154,101;176,body_proved_conclusion_with_explicit_regularity_model,联合C²真实解族从实际时间ODE导出真实初值变分/Jacobian方程及Hamiltonian辛性与det=1,rendered_pdf_page,joint_C2_solution_family_full_check_passed_weaker_regularity_pending_responsible_pending,"Specified actual joint C2 family; actual C2 H; real ODE on the given interval and Phi(0,z)=z",Construction of weaker C1 family regularity from H C2/global existence and set-volume transport separate; printed W basepoint notation and responsible signoff pending,MolecularDynamics.textbookSolutionVariation_hasDerivAt; MolecularDynamics.textbookHamiltonianVectorField_fderiv_mulVec; MolecularDynamics.textbookHamiltonianFlowJacobian_hasDerivAt; MolecularDynamics.textbookHamiltonianFlow_isSymplectic_of_jointC2; MolecularDynamics.textbookHamiltonianFlowJacobian_det_eq_one_of_jointC2,2026-10-05T05:08:50.8411815+08:00--2026-10-05T05:10:11.8761549+08:00退出0；9011jobs、零警告、613项审计声明仅基础三公理、94项输入稳定，固定版本/Scratch/扫描/公理全部通过
CH04-CLM-007,actual C1 constructed constraint reaction,4.3.1,153--155,175--177,proof_dependency,实际C³约束曲率/Gram反力及真实约束相空间场C¹，正质量梯度独立消去逆数据,rendered_original_page_and_pinned_local_check,actual_joint_C2_constrained_model_full_check_passed_responsible_pending,实际C³约束/C²势；真实Gram非退化或正质量/真实梯度独立；联合C²实际参数解族/真实ODE/初始位置及隐藏约束,真实C¹已导出；弱正则性/全球解构造独立pending,contDiffAt_textbookConstraintGram_inverse;contDiffAt_textbookConstraintCurvature;contDiffAt_textbookConstrainedReactionMultiplier;contDiffAt_textbookConstrainedPhaseVectorField_of_mass_and_independence,2026-10-05T06:15:34.5331632+08:00--2026-10-05T06:16:39.9062715+08:00退出0；9015jobs、零警告、637项审计声明仅基础三公理、98项输入稳定，固定版本/Scratch/扫描/公理全部通过; no supplied retained constraints/variation/field regularity/form preservation; responsible pending
CH04-CLM-008,constrained flow preserves restricted symplectic form,4.3.1,153--155,175--177,claim,从真实初始两约束与实际ODE推全区间约束，实际混合变分与有限取消推出闭区间标准两形式拉回恒定,rendered_original_page_and_pinned_local_check,actual_joint_C2_constrained_model_full_check_passed_responsible_pending,实际C³约束/C²势；真实Gram非退化或正质量/真实梯度独立；联合C²实际参数解族/真实ODE/初始位置及隐藏约束,指定联合C²实际参数解族明确；弱正则性/全球解/约束图构造独立pending,textbookConstrainedAcceleration_pullback_zero;textbookConstrainedFlow_pullback_constant_of_jointC2;textbookConstrainedFlow_pullback_constant_of_mass_and_independence,2026-10-05T06:15:34.5331632+08:00--2026-10-05T06:16:39.9062715+08:00退出0；9015jobs、零警告、637项审计声明仅基础三公理、98项输入稳定，固定版本/Scratch/扫描/公理全部通过; no supplied retained constraints/variation/field regularity/form preservation; responsible pending
CH06-CLM-002,Self Wiener Ito integral formula,6.2.2,230,251,claim,实际Wiener自身左和以均方意义趋于1/2(W(T)²-T),docs/reviews/2026-10-05-WienerIntegration/REVIEW.zh-CN.md;docs/verification/2026-10-05-WienerIntegration/full-check01/CHECK_REPORT.json,full_local_proof_passed_semantic_pending,真实preBrownian law；T>=0；精确自身误差K>0，最终K趋于无穷,真实有限望远镜/实际L²可积与T²/(2K)误差/均方极限/实际存在见证完整证明；负责人pending,MolecularDynamics/Chapter06/WienerIntegration.lean,14项公开同批接受；无目标law/矩/误差前提，未计命题6.3完整
CH06-DEP-002,Proposition6.3 finite deterministic sums,6.2.2,231,252,proof_dependency,真正有限确定性Wiener加权和normal law及差的L²等距,docs/reviews/2026-10-05-WienerIntegration/REVIEW.zh-CN.md;docs/verification/2026-10-05-WienerIntegration/full-check01/CHECK_REPORT.json,full_local_proof_passed_semantic_pending,真实preBrownian law；T>=0；精确自身误差K>0，最终K趋于无穷,本必要有限依赖完整；一般smooth deterministic Ito积分的实际构造及法则极限仍pending,MolecularDynamics/Chapter06/WienerIntegration.lean,14项公开同批接受；无目标law/矩/误差前提，未计命题6.3完整
