relative_path,sha256,origin,base_commit,purpose
MolecularDynamics/Notation.lean,ed4745c04dbf3b867bbb33920a12a83b37d2604ac8eb0db739d300fb36bbb9fc,committed_HEAD,6203fc19908312faf9c40d52cb299edb42422973,existing Euclidean model aliases
MolecularDynamics/BasicDefinitions.lean,db3ebc5216f3f4beeae14397b2997e23195edff7f370f0343a2cd727e5d46ff6,committed_HEAD,6203fc19908312faf9c40d52cb299edb42422973,existing separable energy
MolecularDynamics/Chapter01/NBody.lean,45a16307a724348917d8bd9f9eab47cd1a74ec54ba32b468a0e8ead670432696,committed_HEAD,6203fc19908312faf9c40d52cb299edb42422973,existing coordinate mass and energy API
MolecularDynamicsFormalization.lean,d6fdce070680aa9170803f96f6ba37775347cd1e68eb219989376687929d6924,committed_HEAD,6203fc19908312faf9c40d52cb299edb42422973,full local import root
Scratch.lean,1afda0d6af671f0eb88a25250d3b0a2ee5c3733d72f3bf1ca745a00f250d16cd,committed_HEAD,6203fc19908312faf9c40d52cb299edb42422973,existing scratch checks
lean-toolchain,8733782dc070a99b312039cda424f601b80f3be6f6f512627da5ba25adc27632,committed_HEAD,6203fc19908312faf9c40d52cb299edb42422973,fixed Lean version
lakefile.toml,bdfb6a94cabc34eafe50274555e00374bd976139054b7cf3d69f139d79ff5197,committed_HEAD,6203fc19908312faf9c40d52cb299edb42422973,fixed project configuration
lake-manifest.json,5156c987301057f3386cd99b43d5125e87b82bd245e712c60152cc4b5f357aba,committed_HEAD,6203fc19908312faf9c40d52cb299edb42422973,locked dependency revisions
scripts/check.ps1,c8bdf8e77dbd7e2f58da0644312917d0b734e975911a545e80a978e4b2681e2b,committed_HEAD,6203fc19908312faf9c40d52cb299edb42422973,formal local verification entry
AGENTS.md,3efa78f2d6bf433c4e6576c80b5b22a1e71d6f1d90c077497ce054bbc7fbffdd,local_uncommitted_input,6203fc19908312faf9c40d52cb299edb42422973,project rules supplied locally
FORMALIZATION_MAP.md,6dd620fd6e1d71a79c079cf654a712bc18922a91dd7dafbb81373de09b547e3e,committed_HEAD,6203fc19908312faf9c40d52cb299edb42422973,existing textbook-to-Lean map
ASSUMPTIONS.md,20ca2e21a5d6c1aa3b25dbe16a5bbfe8c4f93513f348c75729d28fc4e177e102,committed_HEAD,6203fc19908312faf9c40d52cb299edb42422973,existing model assumptions
STATUS.md,0083944cfffe7011ab12718fe9890e256f26663a3234e4e53da3bc938601f112,committed_HEAD,6203fc19908312faf9c40d52cb299edb42422973,historical result and verification boundary
docs/tasks/T1_SPEC.zh-CN.md,204d03d5512d28116795d93d7617f023e849fb9d46d975bab4afce6372d3c4da,local_uncommitted_input,6203fc19908312faf9c40d52cb299edb42422973,T1 statements and textbook correspondence
docs/tasks/T1_API_CHECK.zh-CN.md,a4ac4a1fcf1ac9327540464ac3c926dcbcd61b8bf84ecb0e67b18188e37959d6,local_uncommitted_input,6203fc19908312faf9c40d52cb299edb42422973,local fixed-version API evidence
docs/tasks/T1_APIProbe.lean.txt,6652108a3bdcf0352b8f9a035c29aa61944d71be68c220bc52e33d5720b2eebb,local_uncommitted_input,6203fc19908312faf9c40d52cb299edb42422973,reproducible type-only probe
docs/tasks/T1_APIProbe.result.txt,f427b87cad0f671fdcd411770f2e4b56bf028c7753c36ad993eb3ad82f60a9d1,local_uncommitted_input,6203fc19908312faf9c40d52cb299edb42422973,raw successful probe output
docs/tasks/T1_MATHCOPILOT_PROMPT.zh-CN.md,a6902bb3302dd243f5895b84956b5254e1d3d63e7ca3d8ec3a4489626c07f59b,local_uncommitted_input,6203fc19908312faf9c40d52cb299edb42422973,user-copyable website instructions
docs/tasks/T1_INPUTS_AND_ACCEPTANCE.zh-CN.md,9bac165f65130e029a1b00aee0c33cb4e3d22decce78811329298f3bd253a8a0,local_uncommitted_input,6203fc19908312faf9c40d52cb299edb42422973,input and local acceptance procedure
