section_id,title_en,printed_start_page,toc_pdf_page_1based,content_audit,scope,notation_item_ids,definition_item_ids,claim_item_ids,proof_dependency_ids,verified_commit,notes
1,Introduction,1,18,not_started,included,,,,,,TOC skeleton; original section and all mathematical claims still require page-by-page audit.
1.1,Classical Mechanics Models,5,18,not_started,included,,,,,,TOC skeleton; original section and all mathematical claims still require page-by-page audit.
1.1.1,Molecular Potentials,8,18,not_started,included,,,,,,TOC skeleton; original section and all mathematical claims still require page-by-page audit.
1.1.2,Other Potentials,11,18,not_started,included,,,,,,TOC skeleton; original section and all mathematical claims still require page-by-page audit.
1.2,The N-Body Problem,18,18,not_started,included,,,,,,TOC skeleton; original section and all mathematical claims still require page-by-page audit.
1.3,The Lagrangian and Generalized Coordinates,22,18,partial_original_page_checked,included,,,,Lagrangian;GeneralizedCoordinates;LegendreTransform,f52945db47e465a582162521556785f4ad33818c,"Printed22--24/PDF45--47 visually checked; full local check 2026-10-04 06:31 passed. Fixed-mass gradients/EL bridge, rectangular J mass transform and positive-mass Legendre sup proved; generalized dynamics and least-action variation still open; responsible signoff pending."
1.4,Hamiltonian Formulation,23,18,partial_original_page_checked,included,,,,Lagrangian;GeneralizedCoordinates;LegendreTransform,f52945db47e465a582162521556785f4ad33818c,"Printed22--24/PDF45--47 visually checked; full local check 2026-10-04 06:31 passed. Fixed-mass gradients/EL bridge, rectangular J mass transform and positive-mass Legendre sup proved; generalized dynamics and least-action variation still open; responsible signoff pending."
1.5,Existence and Uniqueness of Solutions,25,18,not_started,included,,,,,,TOC skeleton; original section and all mathematical claims still require page-by-page audit.
1.5.1,The Flow Map,26,18,partial_original_page_checked,included,,,,FutureFlow;TimeReversal;GlobalFlow;EnergyGlobalExistence;Continuation;HarmonicOscillator;FreeParticleFlow;LinearFlow;MatrixFlow;RealSpectralFlow;ComplexSpectralFlow;RealRecoveryFlow;BasisMatrix;LocalContinuousFlow,,"Printed26/PDF49 rechecked. Actual C1 local solution family jointly continuous in initial state/time with uniform initial Lipschitz bound, true ODE and uniformly derived open mechanical-domain IVPs accepted Kepler19 (8983jobs/724). Previously accepted two-sided flow laws/explicit oscillator/free/operator/matrix/spectral formulas preserved. General nonlinear global joint continuity and remaining section claims pending; human signoff pending."
1.5.2,Integrable Examples,28,18,partial_original_page_checked,included,,,,FirstIntegrals;PlanarAngularMomentum;PolarCoordinates;Kepler;PolarCoordinateMap;KeplerPolarDynamics;KeplerCartesianBridge;KeplerReconstruction;SeparableQuadrature;KeplerQuadrature;HarmonicActionAngle;ActionAngleChart;HarmonicTorus;TorusDensity;TorusPeriod;FirstIntegralGraph;FirstIntegralQuadrature;ScalarIntegrability;ScalarTurning;ScalarLocalIVP,,"Printed20/PDF43 and28--31/PDF51--54 viewed. Arbitrary real initial-data local scalar C2 potential IVP plus genuine conserved energy and exhaustive nonturning/regular-turning/stationary local descriptions accepted Kepler17 (8981jobs/708). Nonstationary global patching, forward density/general nonresonance and Kepler global orbit pending. Responsible signoff pending."
1.5.3,"Equilibrium Points, and the Linearization Theorem",31,18,partial_original_page_checked,included,,,Theorem 1.1,GlobalContinuation;EnergyGlobalExistence;Stability;EuclideanStability;EquilibriumLinearization;HamiltonianHessian;LinearizedHamiltonian,208157529b624fe174f322b5d6bcd1ab2e0ab83c,"Printed31--32/PDF54--55 visually checked. Actual equilibrium/little-o/linearized ODE/block derivative/Hessian symmetry accepted Kepler18/20; exact displayed linearized Hamiltonian quadratic and explicit nonnegative bridge under positive masses plus Hessian quadratic-form hypothesis accepted Kepler21 (8985jobs/733). Hessian positivity-from-minimum, coordinate matrix equivalence, Hartman-Grobman and remaining claims pending; human signoff pending."
1.6,Lattice Structures,33,18,partial_original_page_checked,included,,uniformPairPotentialEnergy;nearestNeighborPotentialEnergy;periodicNearestNeighborPotentialEnergy;walledNearestNeighborPotentialEnergy;boxPeriodicNearestNeighborPotentialEnergy,uniformPairPotentialEnergy_translate;uniformPairPotentialEnergy_two;nearestNeighborPotentialEnergy_translate;nearestNeighborPotentialEnergy_two;periodicNearestNeighborPotentialEnergy_translate;boxPeriodicNearestNeighborPotentialEnergy_translate,LatticePairPotential,,"Printed33/PDF56 visually checked; finite pair, nearest-neighbor, abstract cyclic, walled, and box-periodic energy formulas recorded; translation invariance proved where applicable; full force/boundary/vibration dynamics remain pending; human signoff pending."
1.6.1,Lattice Vibrations,36,18,partial_original_page_checked,included,,gradientLinearizationRemainder,gradientLinearizationRemainder_isLittleO;gradientLinearization_expansion,LatticeVibrations,,"Printed36--37/PDF59--60 visually checked; actual C² equilibrium gradient expansion and little-o remainder accepted locally; positive-definite spectral modes, boundary/periodic spectra, and vibration dynamics pending; human signoff pending."
1.7,Chaotic Trajectories of Nonlinear Systems,38,61,partial_original_page_checked,included,,,,VariationalEquation,,"Printed38--47/PDF61--70 visually checked; constant-coefficient variational equation and matrix-exponential exercise identities added, while nonlinear chaos, time-dependent Jacobian, Lyapunov exponents, and remaining exercises remain pending; human signoff pending."
1.7.1,Global Solutions,41,18,not_started,included,,,,,,TOC skeleton; original section and all mathematical claims still require page-by-page audit.
1.7.2,Variational Equations and Lyapunov Exponents,44,67,partial_original_page_checked,included,,IsConstantVariationalSolution,linearExponentialFlow_isConstantVariationalSolution;constantVariationalSolution_unique,VariationalEquation,,Printed44--47/PDF67--70 visually checked; exact constant-coefficient specialization of (1.10) and matrix exponential exercise bridges recorded; nonlinear variational flow and Lyapunov exponent limits pending; human signoff pending.
1.EX,Exercises,46,69,partial_original_page_checked,included,upperTriangularMatrix;upperTriangularFlow;matrixExponential_zero;matrixExponential_add_of_commute;matrixExponential_neg;matrixExponentialFlow_realEigenmode;matrixExponentialFlow_diagonal;matrixExponential_conjugate;twoBodyCenterOfMass;twoBodySeparation;twoBodyCenterVelocity;twoBodyRelativeVelocity;twoBodyRadialLagrangian,hasDerivAt_positionPair;hasDerivAt_upperTriangularFlow;matrixExponentialFlow_upperTriangular;twoBody_reconstruct_first;twoBody_reconstruct_second;twoBody_center_roundtrip;twoBody_separation_roundtrip;twoBody_equalMass_kinetic_decomposition;twoBody_equalMass_lagrangian_center_relative,,VariationalEquation;TwoBodyCoordinates,,"Printed46--47/PDF69--70 visually checked; exercise-1(a) diagonal formula, 1(b) upper-triangular flow, 1(c) similarity bridge, exercise-2 matrix exponential identities, and exercise-3(a/b) radial-potential Lagrangian in center/relative coordinates with equal-mass kinetic decomposition formalized; reduced equations of motion, exercise-3(c), exercises 4--5 and remaining chapter exercises pending; human signoff pending."
2,Numerical Integrators,53,18,not_started,included,,,,,,TOC skeleton; original section and all mathematical claims still require page-by-page audit.
2.1,Error Growth in Numerical Integration of Differential Equations,55,18,Theorem2.1_complete_proof_full_check_passed,included,NOT-004;NOT-007;NOT-008;NOT-027;NOT-028;NOT-040;NOT-041,eulerStep;eulerIterate;eulerMaxError,CH02-NUM-001:theorem_2_1_euler,exists_euler_trajectory_bounds;euler_localDefect_of_derivative_bound;euler_convergence_on_open,,"Printed56/PDF78 and printed66-67/PDF88-89 visually checked. Complete Euler numerical retention and maximum first-order error; full-check01 passed 22:36:28, 8991 jobs, zero warnings, 387 axiom declarations, stable inputs. Responsible signoff pending; examples not independent deliverables under CORE_SCOPE."
2.1.1,Example: The Trimer,56,18,not_started,included,,,,,,TOC skeleton; original section and all mathematical claims still require page-by-page audit.
2.1.2,Higher Order Methods,58,18,not_started,included,,,,,,TOC skeleton; original section and all mathematical claims still require page-by-page audit.
2.2,The Verlet Method,60,18,not_started,included,,,,,,TOC skeleton; original section and all mathematical claims still require page-by-page audit.
2.2.1,Hamilton’s Principle and Equations of Motion,60,18,not_started,included,,,,,,TOC skeleton; original section and all mathematical claims still require page-by-page audit.
2.2.2,Derivation of the Verlet Method,63,18,not_started,included,,,,,,TOC skeleton; original section and all mathematical claims still require page-by-page audit.
2.2.3,Convergence and the Order of Accuracy,66,18,main_text_convergence_proof_full_check_passed,included,NOT-008;NOT-028;NOT-040;NOT-041,oneStepIterate;oneStepMaxError,oneStep_error_recursion;oneStep_error_bound;oneStepMaxError_order_bound;oneStep_converges_of_consistency_stability,Finite shifted-error induction; exponential bound; real-power limit; actual finite maximum,,"Printed66--67/PDF88--89 visually checked. Equations2.10--2.12 and stated order-p convergence proved for actual iterates, with explicit numerical retention and original strict/non-strict step thresholds. Fixed full-check01 passed23:04:36,8992jobs,0warnings,397axiom declarations,stable inputs. Example2.2 is excluded as an independent deliverable; responsible signoff pending."
2.2.4,First Integrals and Their Preservation Under Discretization,70,18,not_started,included,,,,,,TOC skeleton; original section and all mathematical claims still require page-by-page audit.
2.3,Geometric Integrators for Hamiltonian Systems,71,19,not_started,included,,,,,,TOC skeleton; original section and all mathematical claims still require page-by-page audit.
2.3.1,Volume Preserving Flows: Liouville’s Theorem,72,19,joint_C2_general_liouville_volume_full_check_passed_weaker_regularity_pending,included,NOT-CH02-002,textbookCoordinateJacobian;MeasureTheory.volume,CH02-CLM-001,Actual multilinear det differential without inverse; true mixed initial variations; real C1 ODE uniqueness; genuine Jacobian change of variables,,2026-10-05T05:48:53.9967372+08:00--2026-10-05T05:50:00.0635697+08:00退出0；9013jobs、零警告、627项审计声明仅基础三公理、96项输入稳定，固定版本/Scratch/扫描/公理全部通过; printed72/PDF94 visually checked; actual general divergence-free joint C2 family volume accepted; weaker flow construction/local domain/global existence/semantic signoff pending
2.3.2,Volume Preserving Numerical Methods,74,19,not_started,included,,,,,,TOC skeleton; original section and all mathematical claims still require page-by-page audit.
2.3.3,The Symplectic Property,76,19,actual_map_proof_full_check_passed_flow_and_volume_pending,included,NOT-045;NOT-046;NOT-047,textbookJ;textbookDq;textbookDp;textbookWedgeOneForms;textbookSymplecticForm;textbookSymplecticPullback;IsTextbookSymplectic;textbookJacobian;IsTextbookSymplecticMap;IsTextbookSymplecticEquiv;textbookSymplecticDiffeomorphismGroup,isTextbookSymplectic_iff_preserves_form;IsTextbookSymplectic.det_eq_one;IsTextbookSymplectic.mul;IsTextbookSymplectic.inv;isTextbookSymplecticMap_iff_preserves_form;textbookJacobian_comp;textbookJacobian_equiv_symm;IsTextbookSymplecticEquiv.symm,Actual wedge and coordinate pullback; actual fderiv matrix; chain rule; genuine global C1 equivalence for group,,"Printed76--79/PDF98--101 viewed. Coordinate batch c773e3e retained; actual-map full-check01 passed23:58:04:8994jobs,0warnings,447axiom declarations,77stable inputs. Actual Jacobian/form preservation/chain/inverse/group proved. Global invertibility cannot follow from nonzero Jacobian alone; explicit global C1 diffeomorphism statement used, textbook gap recorded. General Hamiltonian-flow variation and set-volume remain pending; responsible signoff pending."
2.3.4,Hamiltonian Flow Maps are Symplectic,79,19,joint_C2_actual_flow_variations_and_symplecticity_full_check_passed_weaker_regularity_pending,included,NOT-CH02-001,textbookHamiltonianHessian;textbookSolutionVariation,hamiltonian_variational_form_constant;hamiltonian_hessian_variational_isSymplectic;hamiltonian_flow_isSymplectic_of_variational_equation;CH02-CLM-011,Actual joint C2 mixed derivatives; actual time ODE; actual Hamiltonian field derivative; actual Jacobian equation; weaker regularity construction pending,,Printed79/PDF101 visually checked. Actual joint C2 solution-family proof accepted: 2026-10-05T05:08:50.8411815+08:00--2026-10-05T05:10:11.8761549+08:00退出0；9011jobs、零警告、613项审计声明仅基础三公理、94项输入稳定，固定版本/Scratch/扫描/公理全部通过. No supplied variational equation. Joint C2 model explicit; construction from weaker data/global existence/printed W basepoint semantic signoff pending.
2.3.5,The Symplectic Maps Form a Group,79,19,global_c1_group_proof_full_check_passed_textbook_gap_recorded,included,NOT-045;NOT-046;NOT-047,textbookJ;textbookDq;textbookDp;textbookWedgeOneForms;textbookSymplecticForm;textbookSymplecticPullback;IsTextbookSymplectic;textbookJacobian;IsTextbookSymplecticMap;IsTextbookSymplecticEquiv;textbookSymplecticDiffeomorphismGroup,isTextbookSymplectic_iff_preserves_form;IsTextbookSymplectic.det_eq_one;IsTextbookSymplectic.mul;IsTextbookSymplectic.inv;isTextbookSymplecticMap_iff_preserves_form;textbookJacobian_comp;textbookJacobian_equiv_symm;IsTextbookSymplecticEquiv.symm,Actual wedge and coordinate pullback; actual fderiv matrix; chain rule; genuine global C1 equivalence for group,,"Printed76--79/PDF98--101 viewed. Coordinate batch c773e3e retained; actual-map full-check01 passed23:58:04:8994jobs,0warnings,447axiom declarations,77stable inputs. Actual Jacobian/form preservation/chain/inverse/group proved. Global invertibility cannot follow from nonzero Jacobian alone; explicit global C1 diffeomorphism statement used, textbook gap recorded. General Hamiltonian-flow variation and set-volume remain pending; responsible signoff pending."
2.3.6,Symplectic Integrators,80,19,global_c2_actual_symplectic_euler_full_check_passed,included,,textbookPotentialForce;textbookMomentumKick;textbookPositionDrift;textbookSymplecticEuler;textbookSymplecticEulerEquiv,textbookPotentialForce_matrix_isSymm;textbookJacobian_momentumKick;textbookJacobian_positionDrift;textbookSymplecticEuler_isSymplectic;textbookSymplecticEulerEquiv_isSymplectic,Actual negative coordinate partials; C2 Hessian symmetry; true derivative chain rule; block shears; explicit inverse,,"Printed80--81/PDF102--103 visually checked. Actual global C2 potential momentum-first Euler formulas/symplecticity/global C1 inverse proved, full-check01 passed00:30:13:8996jobs,0warnings,479axiom declarations,79stable inputs. Physical positive masses are admissible; geometric diagonal-shear result independent of positivity. Singular open-domain retention and numerical order not part of this claim; responsible signoff pending."
2.3.7,The Adjoint Method,81,19,actual_adjoint_proof_full_check_passed,included,,textbookAdjointMethod;textbookFlowMethod;textbookAdjointSymplecticEuler,textbookAdjointMethod_involutive;textbookFlowMethod_isSelfAdjoint;euler_negative_step_iff_backward;textbookAdjointSymplecticEuler_position;textbookAdjointSymplecticEuler_momentum,Actual negative-step Equiv; actual Flow inverses; proven symplectic Euler global inverse,,Printed81--82/PDF103--104 visually checked. Actual adjoint/double adjoint/Flow self-adjointness/backward Euler relation/explicit symplectic Euler adjoint proved. 2026-10-05T00:46:40.9560799+08:00--2026-10-05T00:57:46.8211001+08:00退出0；8997jobs、零警告、492项审计声明仅基础三公理、80项输入稳定，固定版本/Scratch/扫描/公理全部通过 Responsible semantic signoff pending; arbitrary Euler global invertibility not asserted.
2.4,Building Symplectic Integrators,82,19,not_started,included,,,,,,TOC skeleton; original section and all mathematical claims still require page-by-page audit.
2.4.1,Splitting Methods,83,19,partial_original_pages_checked_local_proofs_passed,included,,,CH02-CLM-008;CH02-CLM-009,,,"Printed83,85/PDF105,107 visually checked; actual Hamiltonian splitting local O(h^2) and half-step adjoint-composition symmetry fully checked. Even-order accuracy external dependency remains pending; independent examples excluded; responsible signoff pending."
2.4.2,General Composition Methods,85,19,original_page_checked_local_geometry_passed,included,,,CH02-CLM-009,,,Printed85/PDF107 visually checked; actual C1 symplectic-map composition fully checked. Typical minimum accuracy order is not an unconditional equality; no general accuracy order proof claimed. Responsible signoff pending.
2.4.3,Harmonic + Anharmonic Splitting,85,19,not_started,included,,,,,,TOC skeleton; original section and all mathematical claims still require page-by-page audit.
2.4.4,Explicit and Implicit Methods,86,19,not_started,included,,,,,,TOC skeleton; original section and all mathematical claims still require page-by-page audit.
2.4.5,“Processed” Methods and Conjugacy,88,19,original_page_checked_local_core_proofs_passed,included,,,CH02-CLM-010,,,"Printed88/PDF110 visually checked; actual conjugate iterates, corresponding-orbit convergence and pre/iterate/post maximum-error equality fully checked. Accuracy transfers from the conjugate G by exact equality; no generic accuracy improvement or independent example claimed. Responsible signoff pending."
2.5,Other Classes of Methods,89,19,not_started,included,,,,,,TOC skeleton; original section and all mathematical claims still require page-by-page audit.
2.5.1,Runge-Kutta Methods,89,19,not_started,included,,,,,,TOC skeleton; original section and all mathematical claims still require page-by-page audit.
2.5.2,Partitioned Runge-Kutta Methods,90,19,not_started,included,,,,,,TOC skeleton; original section and all mathematical claims still require page-by-page audit.
2.5.3,Newmark Methods,92,19,not_started,included,,,,,,TOC skeleton; original section and all mathematical claims still require page-by-page audit.
2.5.4,Multiderivative Methods,92,19,not_started,included,,,,,,TOC skeleton; original section and all mathematical claims still require page-by-page audit.
2.5.5,Other Methods,93,19,not_started,included,,,,,,TOC skeleton; original section and all mathematical claims still require page-by-page audit.
2.EX,Exercises,94,19,not_started,included,,,,,,TOC skeleton; original section and all mathematical claims still require page-by-page audit.
3,Analyzing Geometric Integrators,97,19,not_started,included,,,,,,TOC skeleton; original section and all mathematical claims still require page-by-page audit.
3.1,The Modiﬁed Hamiltonian,98,19,not_started,included,,,,,,TOC skeleton; original section and all mathematical claims still require page-by-page audit.
3.2,Lie Derivatives and Poisson Brackets,100,19,original_pages_checked_actual_differential_algebra_passed,included,NOT-050;NOT-CH03-001,,CH03-CLM-001,,,"Printed100--102/PDF122--124 visually checked; actual first/second Lie derivative, full C2 Jacobi/bilinearity/skew and Hamiltonian conservation verified. Formal exponential convergence and full Taylor expansion not claimed; responsible signoff pending."
3.3,Backward Error Analysis for Hamiltonian Splitting Methods,103,19,partial_original_pages_checked_formal_coefficients_and_corrected_commutator_passed,included,NOT-CH03-002,,CH03-CLM-002;CH03-CLM-003,,,Printed103--105/PDF125--127 visually checked; actual Lie commutator corrected sign and genuine noncommuting formal exponential coefficients through cubic degree/half-commutator matching fully checked. Actual flow remainders and high-order modified Hamiltonian matching pending; responsible signoff pending.
3.3.1,Symplectic Euler,106,19,not_started,included,,,,,,TOC skeleton; original section and all mathematical claims still require page-by-page audit.
3.3.2,Verlet,107,19,not_started,included,,,,,,TOC skeleton; original section and all mathematical claims still require page-by-page audit.
3.3.3,Higher Order Symplectic Methods: The Suzuki-Yoshida Method,109,19,not_started,included,,,,,,TOC skeleton; original section and all mathematical claims still require page-by-page audit.
3.3.4,The Takahashi-Imada Method,112,19,not_started,included,,,,,,TOC skeleton; original section and all mathematical claims still require page-by-page audit.
3.4,Perturbative Expansion: Exponentially Small Errors,113,19,finite_energy_drift_full_check_passed_actual_matching_pending,included,,textbookTruncatedHamiltonian,CH03-NUM-001;CH03-CLM-004;CH03-CLM-005,True Hamiltonian ODE conservation; actual compact finite truncation bounds; actual numerical iteration telescoping; actual high-order modified-flow matching pending,,Printed114--116/PDF136--138 theorem/proof visually checked. Finite energy drift accepted: 2026-10-05T02:47:12.7691857+08:00--2026-10-05T02:48:18.2078414+08:00退出0；9004jobs、零警告、561项审计声明仅基础三公理、87项输入稳定，固定版本/Scratch/扫描/公理全部通过. Long-time rate explicitly conditional; whole theorem NOT accepted until actual matching is constructed.
3.5,Energy Conserving Methods,122,19,not_started,included,,,,,,TOC skeleton; original section and all mathematical claims still require page-by-page audit.
3.6,On the Importance of Being Symplectic,127,19,not_started,included,,,,,,TOC skeleton; original section and all mathematical claims still require page-by-page audit.
3.6.1,Time-Reversal Symmetry,128,19,not_started,included,,,,,,TOC skeleton; original section and all mathematical claims still require page-by-page audit.
3.6.2,Time-Reversal Symmetry and Symmetric Numerical Methods,129,19,not_started,included,,,,,,TOC skeleton; original section and all mathematical claims still require page-by-page audit.
3.6.3,Comparing Symplectic and Time-Reversible Methods,130,19,not_started,included,,,,,,TOC skeleton; original section and all mathematical claims still require page-by-page audit.
3.7,Molecular Dynamics with Hard-Sphere Collisions,132,19,not_started,included,,,,,,TOC skeleton; original section and all mathematical claims still require page-by-page audit.
3.7.1,Splitting Methods for Hard Sphere Molecular Dynamics,133,19,not_started,included,,,,,,TOC skeleton; original section and all mathematical claims still require page-by-page audit.
3.7.2,Collisional Verlet Algorithm for Hard Spheres,135,19,not_started,included,,,,,,TOC skeleton; original section and all mathematical claims still require page-by-page audit.
3.7.3,Enhancements of the Collisional Verlet Method,136,19,not_started,included,,,,,,TOC skeleton; original section and all mathematical claims still require page-by-page audit.
3.EX,Exercises,136,19,not_started,included,,,,,,TOC skeleton; original section and all mathematical claims still require page-by-page audit.
4,The Stability Threshold,139,20,not_started,included,,,,,,TOC skeleton; original section and all mathematical claims still require page-by-page audit.
4.1,Implicit Schemes,142,20,not_started,included,,,,,,TOC skeleton; original section and all mathematical claims still require page-by-page audit.
4.2,Multiple Timestepping,144,20,not_started,included,,,,,,TOC skeleton; original section and all mathematical claims still require page-by-page audit.
4.2.1,The Reversible RESPA Scheme,145,20,not_started,included,,,,,,TOC skeleton; original section and all mathematical claims still require page-by-page audit.
4.2.2,The Molliﬁed Impulse Method,148,20,not_started,included,,,,,,TOC skeleton; original section and all mathematical claims still require page-by-page audit.
4.3,Methods for Constrained Dynamics,149,20,actual_reaction_cotangent_solution_interval_invariance_full_check_passed_remaining_subsections_pending,included,NOT-CH04-003,textbookConstraintCurvature;textbookConstrainedReactionMultiplier,CH04-CLM-001;CH04-CLM-006;CH04-CLM-007;CH04-CLM-008,Actual Gram inverse balance; true C2 derivative chain rule; closed-interval derivative-zero constancy; actual positive mass/independent-gradient Gram nondegeneracy accepted,,Printed152--153/PDF174--175 visually checked. 2026-10-05T04:18:20.2240225+08:00--2026-10-05T04:24:21.6165953+08:00退出0；9008jobs、零警告、590项审计声明仅基础三公理、91项输入稳定，固定版本/Scratch/扫描/公理全部通过. Solution-interval invariance complete; whole section/global existence/numerical smooth branches and responsible signoff separate. Physical actual Gram dependency: 2026-10-05T04:48:44.1034596+08:00--2026-10-05T04:49:48.0517441+08:00退出0；9010jobs、零警告、607项审计声明仅基础三公理、93项输入稳定，固定版本/Scratch/扫描/公理全部通过 Actual constrained flow restricted form and real C1 reaction: 2026-10-05T06:15:34.5331632+08:00--2026-10-05T06:16:39.9062715+08:00退出0；9015jobs、零警告、637项审计声明仅基础三公理、98项输入稳定，固定版本/Scratch/扫描/公理全部通过. Numerical nonlinear initial branch/global existence/remaining subsections pending.
4.3.1,Symplectic Structure with Holonomic Constraints,153,20,actual_joint_C2_constrained_flow_restricted_form_full_check_passed_weaker_model_pending,included,NOT-CH04-003;NOT-CH04-004,textbookConstrainedPhaseVectorField;textbookSolutionVariation;textbookCotangentChart,CH04-CLM-007;CH04-CLM-008;CH02-CLM-011,Constructed actual reaction C1; real initial constraints/ODE interval invariance; genuine mixed initial variation; actual potential/finite projection and mass cancellation,,2026-10-05T06:15:34.5331632+08:00--2026-10-05T06:16:39.9062715+08:00退出0；9015jobs、零警告、637项审计声明仅基础三公理、98项输入稳定，固定版本/Scratch/扫描/公理全部通过; printed153--155/PDF175--177 visually checked; actual parameter-chart restricted form accepted; weaker flow/global existence/chart construction/responsible signoff pending
4.3.2,Numerical Methods with Holonomic Constraints,156,20,not_started,included,,,,,,TOC skeleton; original section and all mathematical claims still require page-by-page audit.
4.3.3,Iterative Component-Wise Solution of the Nonlinear Equations,158,20,not_started,included,,,,,,TOC skeleton; original section and all mathematical claims still require page-by-page audit.
4.3.4,Symplectic Constrained Dynamics Integrators,159,20,actual_final_gram_stage_and_pullback_full_check_passed_initial_nonlinear_branch_pending,included,NOT-CH04-001;NOT-CH04-002,textbookConstraintGradient;textbookConstrainedMomentum;textbookCotangentChart;textbookMultiConstrainedMomentum;textbookProjectedEulerPreMomentum;textbookProjectedEulerPosition;textbookProjectedEulerChart;textbookConstraintJacobian;textbookConstraintGram;textbookCotangentMultiplier;textbookCotangentProjection;textbookGramProjectedEulerChart,CH04-NUM-001;CH04-CLM-002;CH04-CLM-003;CH04-CLM-004;CH04-CLM-005;CH04-CLM-006,Actual finite projection; actual potential kick/mass drift; real C1 Gram inverse/mu and constructed final hidden constraint; initial nonlinear lam branch pending; actual positive mass/independent-gradient Gram nondegeneracy accepted,,"Printed159--160/PDF181--182 and153/PDF175 visually checked. Actual final Gram stage/C1/hidden constraint and three-stage form: 2026-10-05T04:38:36.2957845+08:00--2026-10-05T04:39:40.8062065+08:00退出0；9009jobs、零警告、599项审计声明仅基础三公理、92项输入稳定，固定版本/Scratch/扫描/公理全部通过. Initial nonlinear position-solving branch, physical Gram derivation, force mapping/order and responsible signoff separate. Physical actual Gram dependency: 2026-10-05T04:48:44.1034596+08:00--2026-10-05T04:49:48.0517441+08:00退出0；9010jobs、零警告、607项审计声明仅基础三公理、93项输入稳定，固定版本/Scratch/扫描/公理全部通过"
4.3.5,Higher Order Symplectic Methods: SHAKE and RATTLE,161,20,not_started,included,,,,,,TOC skeleton; original section and all mathematical claims still require page-by-page audit.
4.3.6,Algorithms for Molecular Simulation Using Constraints,164,20,not_started,included,,,,,,TOC skeleton; original section and all mathematical claims still require page-by-page audit.
4.3.7,Numerical Experiment with SHAKE,165,20,not_started,included,,,,,,TOC skeleton; original section and all mathematical claims still require page-by-page audit.
4.4,Rigid Body Systems,166,20,not_started,included,,,,,,TOC skeleton; original section and all mathematical claims still require page-by-page audit.
4.4.1,Euler Equations,171,20,not_started,included,,,,,,TOC skeleton; original section and all mathematical claims still require page-by-page audit.
4.4.2,Rigid Body Molecular Dynamics Algorithm,173,20,not_started,included,,,,,,TOC skeleton; original section and all mathematical claims still require page-by-page audit.
4.EX,Exercises,175,20,not_started,included,,,,,,TOC skeleton; original section and all mathematical claims still require page-by-page audit.
5,Phase Space Distributions and Microcanonical Averages,179,20,not_started,included,,,,,,TOC skeleton; original section and all mathematical claims still require page-by-page audit.
5.1,The Solution Operator,180,20,not_started,included,,,,,,TOC skeleton; original section and all mathematical claims still require page-by-page audit.
5.2,Evolution of Probability Measure,182,20,not_started,included,,,,,,TOC skeleton; original section and all mathematical claims still require page-by-page audit.
5.2.1,"Measure, Probability and Function Spaces",182,20,not_started,included,,,,,,TOC skeleton; original section and all mathematical claims still require page-by-page audit.
5.2.2,Liouville Equation,184,20,not_started,included,,,,,,TOC skeleton; original section and all mathematical claims still require page-by-page audit.
5.2.3,The Liouville Equation for Hamiltonian Systems,186,20,not_started,included,,,,,,TOC skeleton; original section and all mathematical claims still require page-by-page audit.
5.3,The Microcanonical Probability Measure,187,20,not_started,included,,,,,,TOC skeleton; original section and all mathematical claims still require page-by-page audit.
5.3.1,Generalized Functions,188,20,not_started,included,,,,,,TOC skeleton; original section and all mathematical claims still require page-by-page audit.
5.3.2,Steady States,189,20,not_started,included,,,,,,TOC skeleton; original section and all mathematical claims still require page-by-page audit.
5.3.3,The Microcanonical Probability Measure and Averages,194,20,not_started,included,,,,,,TOC skeleton; original section and all mathematical claims still require page-by-page audit.
5.4,Temporal Averages and Numerical Computations,195,20,not_started,included,,,,,,TOC skeleton; original section and all mathematical claims still require page-by-page audit.
5.4.1,The Concept of Ergodicity,197,20,not_started,included,,,,,,TOC skeleton; original section and all mathematical claims still require page-by-page audit.
5.5,Dynamical Averages,203,20,not_started,included,,,,,,TOC skeleton; original section and all mathematical claims still require page-by-page audit.
5.6,Numerical Methods and Invariant Distributions,206,20,not_started,included,,,,,,TOC skeleton; original section and all mathematical claims still require page-by-page audit.
5.EX,Exercises,209,20,not_started,included,,,,,,TOC skeleton; original section and all mathematical claims still require page-by-page audit.
6,The Canonical Distribution and Stochastic Differential Equations,211,20,not_started,included,,,,,,TOC skeleton; original section and all mathematical claims still require page-by-page audit.
6.1,Ensembles for Molecular Simulation,213,20,not_started,included,,,,,,TOC skeleton; original section and all mathematical claims still require page-by-page audit.
6.1.1,The Microcanonical Ensemble,213,20,not_started,included,,,,,,TOC skeleton; original section and all mathematical claims still require page-by-page audit.
6.1.2,The Canonical Ensemble and the Boltzmann-Gibbs Distribution,214,20,not_started,included,,,,,,TOC skeleton; original section and all mathematical claims still require page-by-page audit.
6.1.3,The Gibbs-Boltzmann Probability Density,216,20,not_started,included,,,,,,TOC skeleton; original section and all mathematical claims still require page-by-page audit.
6.1.4,The Canonical Density and Thermodynamic Averages,219,20,not_started,included,,,,,,TOC skeleton; original section and all mathematical claims still require page-by-page audit.
6.1.5,Calculation of Temperature,220,20,not_started,included,,,,,,TOC skeleton; original section and all mathematical claims still require page-by-page audit.
6.2,Stochastic Differential Equations for Molecular Models,224,21,not_started,included,,,,,,TOC skeleton; original section and all mathematical claims still require page-by-page audit.
6.2.1,Random Walks and Wiener Processes,224,21,not_started,included,,,,,,TOC skeleton; original section and all mathematical claims still require page-by-page audit.
6.2.2,Stochastic Integration,228,21,propositions6_2_6_3_self_ito_stratonovich_full_other_body_pending,included,NOT-CH06-001;NOT-CH06-002;NOT-CH06-003;NOT-CH06-005;NOT-CH06-006;NOT-CH06-007,,CH06-NUM-002;CH06-NUM-003;CH06-CLM-002;CH06-CLM-003,CH06-DEP-002;CH06-DEP-003,full-check01-WienerDeterministicLaw,Prop6.2/Prop6.3及真实自身Ito/Stratonovich均方积分完整；一般确定性积分存在和Gaussian法则/variance积分已证；其他正文/负责人pending
6.3,Stochastic Differential Equations,231,21,not_started,included,,,,,,TOC skeleton; original section and all mathematical claims still require page-by-page audit.
6.3.1,The Ito Formula,233,21,not_started,included,,,,,,TOC skeleton; original section and all mathematical claims still require page-by-page audit.
6.3.2,Distributional Solution of the Ornstein-Uhlenbeck SDE,234,21,not_started,included,,,,,,TOC skeleton; original section and all mathematical claims still require page-by-page audit.
6.3.3,Models for Heat Baths and Langevin’s Model for Brownian Motion,236,21,not_started,included,,,,,,TOC skeleton; original section and all mathematical claims still require page-by-page audit.
6.3.4,Overdamped Limit of Langevin Dynamics,240,21,not_started,included,,,,,,TOC skeleton; original section and all mathematical claims still require page-by-page audit.
6.3.5,Properties of SDEs,240,21,not_started,included,,,,,,TOC skeleton; original section and all mathematical claims still require page-by-page audit.
6.3.6,The Fokker-Planck Equation,241,21,not_started,included,,,,,,TOC skeleton; original section and all mathematical claims still require page-by-page audit.
6.3.7,Fokker-Planck Equation for Systems of SDEs,243,21,not_started,included,,,,,,TOC skeleton; original section and all mathematical claims still require page-by-page audit.
6.3.8,Fokker-Planck Equation for Langevin Dynamics,244,21,not_started,included,,,,,,TOC skeleton; original section and all mathematical claims still require page-by-page audit.
6.4,Ergodicity of Stochastic Differential Equations,244,21,not_started,included,,,,,,TOC skeleton; original section and all mathematical claims still require page-by-page audit.
6.4.1,Irreducibility of Finite Markov Chains,245,21,not_started,included,,,,,,TOC skeleton; original section and all mathematical claims still require page-by-page audit.
6.4.2,Ergodic Stochastic Differential Equations,247,21,not_started,included,,,,,,TOC skeleton; original section and all mathematical claims still require page-by-page audit.
6.4.3,Ergodicity of Brownian Dynamics,249,21,not_started,included,,,,,,TOC skeleton; original section and all mathematical claims still require page-by-page audit.
6.4.4,Ergodicity of Langevin Dynamics,251,21,definition6_1_formalized_other_claims_pending,included,NOT-CH06-004,CH06-DEF-001,,,full-check01-ThermostatHormander,254/PDF275目视；Definition6.1真实recursive brackets点张成，C∞且含b0；其他ergodicity/密度/可达性/负责人pending
6.4.5,Convergence of Averages,257,21,not_started,included,,,,,,TOC skeleton; original section and all mathematical claims still require page-by-page audit.
6.EX,Exercises,259,21,not_started,included,,,,,,TOC skeleton; original section and all mathematical claims still require page-by-page audit.
7,Numerical Methods for Stochastic Molecular Dynamics,261,21,not_started,included,,,,,,TOC skeleton; original section and all mathematical claims still require page-by-page audit.
7.1,Bias,263,21,not_started,included,,,,,,TOC skeleton; original section and all mathematical claims still require page-by-page audit.
7.2,Error in Methods for Stochastic Differential Equations,264,21,not_started,included,,,,,,TOC skeleton; original section and all mathematical claims still require page-by-page audit.
7.3,Sampling Iterations,267,21,not_started,included,,,,,,TOC skeleton; original section and all mathematical claims still require page-by-page audit.
7.3.1,Splitting Methods for Langevin Dynamics,268,21,not_started,included,,,,,,TOC skeleton; original section and all mathematical claims still require page-by-page audit.
7.3.2,Other Langevin Integrators,272,21,not_started,included,,,,,,TOC skeleton; original section and all mathematical claims still require page-by-page audit.
7.4,Error Results for Harmonic Problems,273,21,not_started,included,,,,,,TOC skeleton; original section and all mathematical claims still require page-by-page audit.
7.4.1,"Invariant Averages for Schemes Using the A, B and O Splitting",275,21,not_started,included,,,,,,TOC skeleton; original section and all mathematical claims still require page-by-page audit.
7.4.2,More General Schemes,277,21,not_started,included,,,,,,TOC skeleton; original section and all mathematical claims still require page-by-page audit.
7.5,Errors in Conﬁgurational Quantities for the Perturbed Harmonic Oscillator,279,21,not_started,included,,,,,,TOC skeleton; original section and all mathematical claims still require page-by-page audit.
7.6,An Exact Gibbs Sampling Method,281,21,not_started,included,,,,,,TOC skeleton; original section and all mathematical claims still require page-by-page audit.
7.7,The Evolution of the Distribution Using a Numerical Method,283,21,not_started,included,,,,,,TOC skeleton; original section and all mathematical claims still require page-by-page audit.
7.7.1,Expansion of the Operator L_hat,285,21,not_started,included,,,,,,TOC skeleton; original section and all mathematical claims still require page-by-page audit.
7.7.2,First Order Operator Expansion,287,21,not_started,included,,,,,,TOC skeleton; original section and all mathematical claims still require page-by-page audit.
7.7.3,Perturbation Technique,289,21,not_started,included,,,,,,TOC skeleton; original section and all mathematical claims still require page-by-page audit.
7.8,First Order Schemes,291,21,not_started,included,,,,,,TOC skeleton; original section and all mathematical claims still require page-by-page audit.
7.8.1,"Computing the Correction Functions f1(q, p)",292,21,not_started,included,,,,,,TOC skeleton; original section and all mathematical claims still require page-by-page audit.
7.8.2,Numerical Experiment,295,21,not_started,included,,,,,,TOC skeleton; original section and all mathematical claims still require page-by-page audit.
7.9,Error Expansion for Symmetric Langevin Methods,297,22,lemma7_1_full_and_proposition7_1_formal_jet_passed_other_dependencies_pending,included,NOT-CH07-001;NOT-CH07-002,,CH07-NUM-001;CH07-NUM-003,,full-check01-SymmetricOperatorBCH,Lemma7.1真实Markov完整；Prop7.1真实非交换形式jet和X4余项接受；全阶逆/全部偶性/analytic余项、采样误差等及负责人pending
7.9.1,Calculation of the Inhomogeneous Term,298,22,not_started,included,,,,,,TOC skeleton; original section and all mathematical claims still require page-by-page audit.
7.9.2,Expansion in Powers of gamma^-1,301,22,not_started,included,,,,,,TOC skeleton; original section and all mathematical claims still require page-by-page audit.
7.9.3,Superconvergence of the BAOAB Scheme,305,22,not_started,included,,,,,,TOC skeleton; original section and all mathematical claims still require page-by-page audit.
7.10,The Limit Method,306,22,not_started,included,,,,,,TOC skeleton; original section and all mathematical claims still require page-by-page audit.
7.11,Applying the Schemes to a Biomolecule,308,22,not_started,included,,,,,,TOC skeleton; original section and all mathematical claims still require page-by-page audit.
7.11.1,Choosing the Friction Parameter,309,22,not_started,included,,,,,,TOC skeleton; original section and all mathematical claims still require page-by-page audit.
7.11.2,Results for Conﬁgurational Sampling,312,22,not_started,included,,,,,,TOC skeleton; original section and all mathematical claims still require page-by-page audit.
7.12,Constrained Langevin Dynamics,317,22,not_started,included,,,,,,TOC skeleton; original section and all mathematical claims still require page-by-page audit.
7.12.1,A “Geodesic Integrator”,319,22,not_started,included,,,,,,TOC skeleton; original section and all mathematical claims still require page-by-page audit.
7.13,Multiple Timestepping,323,22,not_started,included,,,,,,TOC skeleton; original section and all mathematical claims still require page-by-page audit.
7.EX,Exercises,326,22,not_started,included,,,,,,TOC skeleton; original section and all mathematical claims still require page-by-page audit.
8,Extended Variable Methods,329,22,not_started,included,,,,,,TOC skeleton; original section and all mathematical claims still require page-by-page audit.
8.1,Dynamics-Based Thermostat Techniques,330,22,not_started,included,,,,,,TOC skeleton; original section and all mathematical claims still require page-by-page audit.
8.1.1,Nosé Dynamics: A Deterministic Thermostat,331,22,not_started,included,,,,,,TOC skeleton; original section and all mathematical claims still require page-by-page audit.
8.1.2,Numerical Methods for Extended System Thermostats,333,22,not_started,included,,,,,,TOC skeleton; original section and all mathematical claims still require page-by-page audit.
8.2,More General Deterministic Thermostats,336,22,not_started,included,,,,,,TOC skeleton; original section and all mathematical claims still require page-by-page audit.
8.2.1,Continuity Equation,336,22,proposition8_1_actual_PDE_and_jointC2_flow_passed_other_body_pending,included,NOT-CH08-005;NOT-CH08-006,,CH08-NUM-001,,full-check01-StationaryDensityFlow,338--339/PDF359--360目视；真Liouville/指定共同C2解族density probability不变及归一化已证；更弱flow构造/其他正文及负责人pending
8.2.2,Nosé-Hoover Chains,339,22,not_started,included,,,,,,TOC skeleton; original section and all mathematical claims still require page-by-page audit.
8.2.3,Lack of Ergodicity of Deterministic Thermostats,340,22,not_started,included,,,,,,TOC skeleton; original section and all mathematical claims still require page-by-page audit.
8.3,Metropolis-Based Stochastic Sampling,341,22,not_started,included,,,,,,TOC skeleton; original section and all mathematical claims still require page-by-page audit.
8.4,Ergodic Stochastic-Dynamic Thermostats,342,22,proposition8_2_full_local_other_claims_pending,included,NOT-CH08-003,,CH08-NUM-002,,full-check01-ThermostatHormander,344--345/PDF365--366目视；真实Prop8.2完整，σ非零/C∞明示；其他正文/ergodicity/负责人pending
8.4.1,Nosé-Hoover-Langevin: An Ergodic Weakly Coupled Thermostat,345,22,hormander_chain_and_zero_mode_invariance_full_local_other_body_pending,included,NOT-CH08-001;NOT-CH08-002;NOT-CH08-003;NOT-CH08-004,,CH08-CLM-001;CH08-NUM-003;CH08-NUM-004;CH08-NUM-005,CH06-DEF-001;CH08-NUM-002,full-check01-ThermostatModeInvariant,345--348/PDF366--369目视；真实Hörmander链和346未编号零mode路径全区间不变完整，D真实补集；其他density/accessibility/Lyapunov/ergodicity正文和负责人pending
8.4.2,Numerical Integration of the Nosé-Hoover-Langevin Equations,349,22,not_started,included,,,,,,TOC skeleton; original section and all mathematical claims still require page-by-page audit.
8.4.3,Numerical Comparison of Dynamics,350,22,not_started,included,,,,,,TOC skeleton; original section and all mathematical claims still require page-by-page audit.
8.4.4,Velocity Rescaling,355,22,not_started,included,,,,,,TOC skeleton; original section and all mathematical claims still require page-by-page audit.
8.4.5,The Efﬁciency of a Thermostat and “Gentle” Thermostats,356,22,not_started,included,,,,,,TOC skeleton; original section and all mathematical claims still require page-by-page audit.
8.5,Non-Newtonian Dynamics-Based Iterations for Molecular Sampling,357,22,not_started,included,,,,,,TOC skeleton; original section and all mathematical claims still require page-by-page audit.
8.6,Isokinetic Methods and Integration with Very Large Timestep,361,22,not_started,included,,,,,,TOC skeleton; original section and all mathematical claims still require page-by-page audit.
8.6.1,"A Stochastic, Isokinetic Method for Gibbs Sampling",363,22,not_started,included,,,,,,TOC skeleton; original section and all mathematical claims still require page-by-page audit.
8.6.2,Ergodicity,366,22,not_started,included,,,,,,TOC skeleton; original section and all mathematical claims still require page-by-page audit.
8.6.3,Multiple Timestepping Using the Stochastic Isokinetic Formulation,369,22,not_started,included,,,,,,TOC skeleton; original section and all mathematical claims still require page-by-page audit.
8.6.4,Numerical Example,373,22,not_started,included,,,,,,TOC skeleton; original section and all mathematical claims still require page-by-page audit.
8.7,Generalized Langevin Dynamics,373,22,not_started,included,,,,,,TOC skeleton; original section and all mathematical claims still require page-by-page audit.
8.7.1,Using an Extended Variable Representation,375,22,not_started,included,,,,,,TOC skeleton; original section and all mathematical claims still require page-by-page audit.
8.8,Constant Temperature and Pressure Molecular Dynamics,378,22,not_started,included,,,,,,TOC skeleton; original section and all mathematical claims still require page-by-page audit.
8.8.1,Equations of Motion for the NHL Piston,381,22,not_started,included,,,,,,TOC skeleton; original section and all mathematical claims still require page-by-page audit.
8.8.2,Discretization of the NHL Piston,382,22,not_started,included,,,,,,TOC skeleton; original section and all mathematical claims still require page-by-page audit.
8.8.3,Anisotropic Simulation Cell: The Method of Parrinello and Rahman,385,23,not_started,included,,,,,,TOC skeleton; original section and all mathematical claims still require page-by-page audit.
8.9,Momentum-Conserving Thermostats and the Dissipative Particle Dynamics (DPD) Method,386,23,not_started,included,,,,,,TOC skeleton; original section and all mathematical claims still require page-by-page audit.
8.9.1,Formulation of DPD,387,23,not_started,included,,,,,,TOC skeleton; original section and all mathematical claims still require page-by-page audit.
8.9.2,Numerical Treatment of the DPD System,390,23,not_started,included,,,,,,TOC skeleton; original section and all mathematical claims still require page-by-page audit.
8.9.3,Extended Variable Momentum-Conserving Thermostats: Pairwise Nosé-Hoover/Nosé-Hoover-Langevin Methods,393,23,not_started,included,,,,,,TOC skeleton; original section and all mathematical claims still require page-by-page audit.
8.9.4,Pairwise Nosé-Hoover-Langevin Thermostat,394,23,not_started,included,,,,,,TOC skeleton; original section and all mathematical claims still require page-by-page audit.
8.10,Numerical Experiments,396,23,not_started,included,,,,,,TOC skeleton; original section and all mathematical claims still require page-by-page audit.
8.EX,Exercises,399,23,not_started,included,,,,,,TOC skeleton; original section and all mathematical claims still require page-by-page audit.
A,Force Computation,403,23,not_started,included,,,,,,TOC skeleton; original section and all mathematical claims still require page-by-page audit.
A.1,Accumulation of Long-Ranged Forces,404,23,not_started,included,,,,,,TOC skeleton; original section and all mathematical claims still require page-by-page audit.
A.2,Particle Mesh Ewald (PME),404,23,not_started,included,,,,,,TOC skeleton; original section and all mathematical claims still require page-by-page audit.
B,Concepts from Probability,407,23,not_started,included,,,,,,TOC skeleton; original section and all mathematical claims still require page-by-page audit.
C,Monte-Carlo Markov Chains,413,23,not_started,included,,,,,,TOC skeleton; original section and all mathematical claims still require page-by-page audit.
C.1,Metropolis Monte-Carlo,416,23,not_started,included,,,,,,TOC skeleton; original section and all mathematical claims still require page-by-page audit.
C.2,Metropolis Correction of Numerical Methods,416,23,not_started,included,,,,,,TOC skeleton; original section and all mathematical claims still require page-by-page audit.
C.3,Hybrid Monte-Carlo Methods,417,23,not_started,included,,,,,,TOC skeleton; original section and all mathematical claims still require page-by-page audit.
