item_id,symbol_ascii_key,meaning_zh,printed_page,pdf_page_1based,semantic_category,source_status,lean_declaration_or_existing_api,module,semantic_review,formalization_status,verified_commit,notes
NOT-001,N,原子数,xi,12,Finite index,notation_table_visually_checked,Nat; Fin N; ParticleMasses; ParticleVectors,MolecularDynamics/Chapter01/ParticleCoordinates.lean,responsible_signoff_pending,mapped_existing_api,0b9cdd1,N counts atoms; finite particle indices are distinct from scalar configuration-coordinate indices.
NOT-002,N_d,自由度数,xi,12,Dimension,notation_table_visually_checked,Nat; unconstrained coordinate dimension,MolecularDynamics/Notation.lean,responsible_signoff_pending,mapped_existing_api,0b9cdd1,Degrees of freedom may differ from ambient coordinate count under constraints; no constraint dimension theorem is asserted.
NOT-003,N_c,构型坐标数,xi,12,Dimension,notation_table_visually_checked,Position n; PhaseSpace n,MolecularDynamics/Notation.lean,responsible_signoff_pending,mapped_existing_api,0b9cdd1,n counts configuration coordinates; PhaseSpace n has position and momentum components.
NOT-004,R^m,实欧氏空间,xi,12,Euclidean space,notation_table_visually_checked,EuclideanSpace ℝ (Fin m); Position m,MolecularDynamics/Notation.lean,responsible_signoff_pending,mapped_existing_api,0b9cdd1,"The norm is the Euclidean L2 norm, not the sup norm on a function type."
NOT-005,def =,定义等号,xi,12,Lean definition syntax,notation_table_visually_checked,def; abbrev; noncomputable def,MolecularDynamics/Notation.lean,responsible_signoff_pending,mapped_existing_api,0b9cdd1,A definition is Lean definitional equality; identities requiring proof remain theorems.
NOT-006,:=,赋值,xi,12,Algorithm semantics,notation_table_visually_checked,let; function definitions and iteration,MolecularDynamics/Notation.lean,responsible_signoff_pending,mapped_existing_api,0b9cdd1,Assignment is represented immutably; a method step uses a map and its finite iterate.
NOT-007,norm,欧氏范数,xi,12,Norm,notation_table_visually_checked,norm; ‖x‖,MolecularDynamics/Notation.lean,responsible_signoff_pending,mapped_existing_api,0b9cdd1,Euclidean vectors use the Norm instance of EuclideanSpace.
NOT-008,C^k,连续可微阶数,xi,12,Regularity,notation_table_visually_checked,ContDiff; ContDiffOn; ContDiffAt,Mathlib.Analysis.Calculus.ContDiff.Defs,responsible_signoff_pending,mapped_existing_api,,Regularity on an open domain is ContDiffOn ℝ k f D; it does not imply a globally bounded derivative.
NOT-009,composition,函数复合,xi,12,Function composition,notation_table_visually_checked,Function.comp; Function.iterate,Mathlib.Logic.Function.Iterate,responsible_signoff_pending,mapped_existing_api,,Function composition has the usual right-to-left order; f^[n] is finite iteration.
NOT-010,q,位置向量,xi,12,Position,notation_table_visually_checked,Position,MolecularDynamics/Notation.lean,responsible_signoff_pending,mapped_existing_api,0b9cdd1,q is a position vector with explicit configuration dimension.
NOT-011,q_j,第 j 个原子位置,xi,12,Particle indexing,notation_table_visually_checked,ParticleVectors; unflattenParticleVectors,MolecularDynamics/Chapter01/ParticleCoordinates.lean,responsible_signoff_pending,mapped_existing_api,0b9cdd1,Particle index i : Fin N; direction index a : Fin d.
NOT-012,"q_i,x",第 i 个原子的 x 坐标,xi,12,Coordinate indexing,notation_table_visually_checked,flattenParticleVectors_apply,MolecularDynamics/Chapter01/ParticleCoordinates.lean,responsible_signoff_pending,mapped_existing_api,0b9cdd1,"Scalar coordinate (i,a) is addressed by particleCoordinateEquiv N d."
NOT-013,q_dot,时间导数,xi,12,Derivative of trajectory,notation_table_visually_checked,HasDerivAt; HasDerivWithinAt,MolecularDynamics/Chapter01/LocalTrajectories.lean,responsible_signoff_pending,mapped_existing_api,0b9cdd1,These are actual time derivatives of a trajectory; endpoint derivatives are within the specified interval.
NOT-014,p,动量,xi,12,Momentum,notation_table_visually_checked,Momentum,MolecularDynamics/Notation.lean,responsible_signoff_pending,mapped_existing_api,0b9cdd1,p is a momentum vector; velocity is a distinct notation linked through masses.
NOT-015,M,质量矩阵,xi,12,Mass matrix,notation_table_visually_checked,MassMatrix; diagonalMassMatrix,MolecularDynamics/Chapter01/NBody.lean,responsible_signoff_pending,mapped_existing_api,0b9cdd1,Invertibility and positive definiteness require explicitly positive masses.
NOT-016,I,单位矩阵,xi,12,Identity matrix,notation_table_visually_checked,1 : Matrix (Fin n) (Fin n) ℝ,Mathlib.Data.Matrix.Basic,responsible_signoff_pending,mapped_existing_api,,"The identity matrix is the ring unit, with both dimensions matching."
NOT-017,bold 0,零向量或零矩阵,xi,12,Zero,notation_table_visually_checked,0,MolecularDynamics/Notation.lean,responsible_signoff_pending,mapped_existing_api,0b9cdd1,Zero uses the vector or matrix type inferred from its context.
NOT-018,F,力向量,xi,12,Force,notation_table_visually_checked,Force,MolecularDynamics/Notation.lean,responsible_signoff_pending,mapped_existing_api,0b9cdd1,Force is a position-dependent vector field; being minus a potential gradient is an additional proved relation.
NOT-019,italic E,能量函数,xi,12,Energy function,notation_table_visually_checked,SeparableEnergy.hamiltonian; massHamiltonian,MolecularDynamics/BasicDefinitions.lean; MolecularDynamics/Chapter01/Hamiltonian.lean,responsible_signoff_pending,mapped_existing_api,0b9cdd1,An energy function is distinguished from a real energy level.
NOT-020,roman E,能量值,xi,12,Energy level,notation_table_visually_checked,ℝ,MolecularDynamics/Chapter01/EnergyConservation.lean,responsible_signoff_pending,mapped_existing_api,0b9cdd1,An energy level is a scalar parameter; conservation is proved for actual trajectories.
NOT-021,U,势能函数,xi,12,Potential,notation_table_visually_checked,PotentialEnergy,MolecularDynamics/Notation.lean,responsible_signoff_pending,mapped_existing_api,0b9cdd1,The potential is a function on position space; smoothness and collision exclusions are stated separately.
NOT-022,phi,成对或少体势能项,xi,12,Potential contribution,notation_table_visually_checked,,,not_started,not_started,,ASCII key identifies the symbol; confirm exact types and context from the relevant chapter.
NOT-023,phi_LJ,Lennard-Jones 势,xi,12,Potential with singular domain,notation_table_visually_checked,,,not_started,not_started,,ASCII key identifies the symbol; confirm exact types and context from the relevant chapter.
NOT-024,K,动能,xi,12,Kinetic energy,notation_table_visually_checked,KineticEnergy; nBodyKineticEnergy; momentumKineticEnergy,MolecularDynamics/Chapter01/NBody.lean; MolecularDynamics/Chapter01/Hamiltonian.lean,responsible_signoff_pending,mapped_existing_api,0b9cdd1,Velocity and momentum versions are kept distinct and linked using the mass relation.
NOT-025,L,Lagrangian,xi,12,Lagrangian,notation_table_visually_checked,Lagrangian; massLagrangian,MolecularDynamics/Chapter01/Lagrangian.lean,responsible_signoff_pending,mapped_existing_api,0b9cdd1,The type separates position and velocity arguments; Euler-Lagrange equations use actual derivatives.
NOT-026,H,Hamiltonian,xi,12,Hamiltonian,notation_table_visually_checked,Hamiltonian; massHamiltonian,MolecularDynamics/Chapter01/Hamiltonian.lean,responsible_signoff_pending,mapped_existing_api,0b9cdd1,Hamiltonian is a real function on PhaseSpace n.
NOT-027,tau,时间区间长度,xii,13,Time interval,notation_table_visually_checked,τ : ℝ; Set.Icc 0 τ,Mathlib.Order.Interval.Set.Basic,responsible_signoff_pending,mapped_existing_api,,A finite time horizon; the convergence proof uses explicit τ > 0.
NOT-028,nu,时间步数,xii,13,Finite iteration,notation_table_visually_checked,ν : Nat; n ≤ ν,Mathlib.Data.Nat.Basic,responsible_signoff_pending,mapped_existing_api,,The step count is a natural number; division by ν requires ν > 0.
NOT-029,F_t,流映射,xii,13,Flow,notation_table_visually_checked,IsFutureMechanicalFlowOn; linearContinuousFlow,MolecularDynamics/Chapter01/FutureFlow.lean; MolecularDynamics/Chapter01/LinearFlow.lean,responsible_signoff_pending,mapped_existing_api,0b9cdd1,Existing local/global flow APIs retain their domain and time assumptions; no universal global flow is asserted.
NOT-030,exp(A),矩阵指数,xii,13,Matrix exponential,notation_table_visually_checked,Matrix.exp,MolecularDynamics/Chapter01/VariationalEquation.lean,responsible_signoff_pending,mapped_existing_api,0b9cdd1,"The existing fixed-mathlib matrix exponential has already verified identity, similarity and special-case flow bridges."
NOT-031,U_second,势能 Hessian,xii,13,Second derivative,notation_table_visually_checked,,,not_started,not_started,,ASCII key identifies the symbol; confirm exact types and context from the relevant chapter.
NOT-032,f_prime,Jacobian,xii,13,Derivative,notation_table_visually_checked,fderiv ℝ f;MolecularDynamics.textbookJacobian;MolecularDynamics.textbookJacobian_mulVec,MolecularDynamics/Chapter01/EquilibriumLinearization.lean;MolecularDynamics/Chapter02/SymplecticMaps.lean,responsible_signoff_pending,mapped_actual_derivative_and_coordinate_matrix_verified,,"Actual fderiv coordinate matrix, entry and mulVec bridge verified SymplecticMaps/full-check01 2026-10-04 23:58:04. Responsible final semantic signoff pending."
NOT-033,T,温度,xii,13,Temperature,notation_table_visually_checked,,,not_started,not_started,,ASCII key identifies the symbol; confirm exact types and context from the relevant chapter.
NOT-034,P,压力,xii,13,Pressure,notation_table_visually_checked,,,not_started,not_started,,ASCII key identifies the symbol; confirm exact types and context from the relevant chapter.
NOT-035,V,体积,xii,13,Volume,notation_table_visually_checked,,,not_started,not_started,,ASCII key identifies the symbol; confirm exact types and context from the relevant chapter.
NOT-036,k_B,Boltzmann 常数,xii,13,Physical constant,notation_table_visually_checked,,,not_started,not_started,,ASCII key identifies the symbol; confirm exact types and context from the relevant chapter.
NOT-037,beta,逆温度参数,xii,13,Inverse temperature with explicit nonzero assumptions,notation_table_visually_checked,,,not_started,not_started,,ASCII key identifies the symbol; confirm exact types and context from the relevant chapter.
NOT-038,fcc,面心立方,xii,13,Lattice,notation_table_visually_checked,,,not_started,not_started,,ASCII key identifies the symbol; confirm exact types and context from the relevant chapter.
NOT-039,bcc,体心立方,xii,13,Lattice,notation_table_visually_checked,,,not_started,not_started,,ASCII key identifies the symbol; confirm exact types and context from the relevant chapter.
NOT-040,h,时间步长,xii,13,Step size,notation_table_visually_checked,h : ℝ,Mathlib.Data.Real.Basic,responsible_signoff_pending,mapped_existing_api,,Real step size; positive time advancement requires h > 0.
NOT-041,G_h,数值近似流,xii,13,Numerical method,notation_table_visually_checked,eulerStep; eulerIterate; oneStepIterate; oneStepMaxError,MolecularDynamics/Chapter02/EulerConvergence.lean; MolecularDynamics/Chapter02/OneStepConvergence.lean,local_statement_reviewed_responsible_signoff_pending,complete_proof_local_full_check_passed,,Actual Euler and general one-step maps/iterates. Theorem2.1 and section2.2.3/full-check01 passed. Quantitative stability/consistency and explicit domain premises give actual maximum order-p convergence; no universal exact flow is assumed.
NOT-042,div f,散度,xii,13,Divergence,notation_table_visually_checked,,,not_started,not_started,,ASCII key identifies the symbol; confirm exact types and context from the relevant chapter.
NOT-043,d_omega,相空间体积测度,xii,13,Measure,notation_table_visually_checked,,,not_started,not_started,,ASCII key identifies the symbol; confirm exact types and context from the relevant chapter.
NOT-044,Lebesgue integral,Lebesgue 积分,xii,13,Measure and integrability,notation_table_visually_checked,,,not_started,not_started,,ASCII key identifies the symbol; confirm exact types and context from the relevant chapter.
NOT-045,J,典范辛结构矩阵,xii,13,Symplectic matrix,notation_table_visually_checked,textbookJ; textbookJ_eq_neg_mathlibJ,MolecularDynamics/Chapter02/SymplecticForm.lean,local_statement_reviewed_responsible_signoff_pending,complete_coordinate_proof_local_full_check_passed,,"Exact textbook J=[0,I;-I,0], with explicit negative sign relative to mathlib Matrix.J; no unverified sign identification."
NOT-046,wedge,微分形式楔积,xii,13,Differential forms,notation_table_visually_checked,textbookDq; textbookDp; textbookWedgeOneForms; textbookSymplecticForm_eq_sum_wedges,MolecularDynamics/Chapter02/SymplecticForm.lean,local_statement_reviewed_responsible_signoff_pending,complete_coordinate_proof_local_full_check_passed,,"Actual coordinate one-forms and wedge product, bundled bilinearly; standard form equals their sum. General manifold/exterior-form operations beyond this dependency remain pending."
NOT-047,det(A),行列式,xii,13,Determinant,notation_table_visually_checked,Matrix.det; IsTextbookSymplectic.det_eq_one; IsTextbookSymplectic.abs_det,MolecularDynamics/Chapter02/SymplecticForm.lean,local_statement_reviewed_responsible_signoff_pending,complete_coordinate_proof_local_full_check_passed,,"Actual finite matrix determinant. Standard symplectic condition implies det=1, det squared=1 and abs det=1. Nonlinear set-volume transformation is separate."
NOT-048,tr(A),迹,xii,13,Trace,notation_table_visually_checked,,,not_started,not_started,,ASCII key identifies the symbol; confirm exact types and context from the relevant chapter.
NOT-049,G_h_adjoint,数值方法的伴随,xii,13,Method adjoint,notation_table_visually_checked,,,not_started,not_started,,ASCII key identifies the symbol; confirm exact types and context from the relevant chapter.
NOT-050,L_f,Lie 导数,xii,13,Lie derivative,notation_table_visually_checked,MolecularDynamics.textbookLieDerivative; MolecularDynamics.hasDerivAt_textbookLieDerivative,MolecularDynamics/Chapter03/LiePoisson.lean,responsible_signoff_pending,local_full_check_passed,,Notation table and body printed100--102/PDF122--124 visually checked. Actual scalar Frechet directional derivative; genuine chain rule/second derivative; formal exponential convergence not inferred. 2026-10-05T01:59:04.0881969+08:00--2026-10-05T02:00:09.2008758+08:00退出0；9001jobs、零警告、535项审计声明仅基础三公理、84项输入稳定，固定版本/Scratch/扫描/公理全部通过
NOT-051,C_ab(tau),相关函数,xii,13,Correlation,notation_table_visually_checked,,,not_started,not_started,,ASCII key identifies the symbol; confirm exact types and context from the relevant chapter.
NOT-052,"D,A,S",可测集合,xii,13,Measurability,notation_table_visually_checked,,,not_started,not_started,,ASCII key identifies the symbol; confirm exact types and context from the relevant chapter.
NOT-053,Av_H=E(g),微正则平均,xii,13,Energy surface measure,notation_table_visually_checked,,,not_started,not_started,,ASCII key identifies the symbol; confirm exact types and context from the relevant chapter.
NOT-054,Av_rho(g),密度平均,xii,13,Density and integrability,notation_table_visually_checked,,,not_started,not_started,,ASCII key identifies the symbol; confirm exact types and context from the relevant chapter.
NOT-055,Av_beta(g),正则平均,xii,13,Gibbs measure,notation_table_visually_checked,,,not_started,not_started,,ASCII key identifies the symbol; confirm exact types and context from the relevant chapter.
NOT-056,mu_E,微正则测度,xii,13,Surface measure and normalization,notation_table_visually_checked,,,not_started,not_started,,ASCII key identifies the symbol; confirm exact types and context from the relevant chapter.
NOT-057,Pr(A),概率,xii,13,Probability measure,notation_table_visually_checked,,,not_started,not_started,,ASCII key identifies the symbol; confirm exact types and context from the relevant chapter.
NOT-058,phi_bar(tau),有限时间平均,xii,13,Time integral,notation_table_visually_checked,,,not_started,not_started,,ASCII key identifies the symbol; confirm exact types and context from the relevant chapter.
NOT-059,rho_infty,不变分布,xii,13,Invariant measure,notation_table_visually_checked,,,not_started,not_started,,ASCII key identifies the symbol; confirm exact types and context from the relevant chapter.
NOT-060,L_adjoint,L2 中算子伴随,xii,13,Operator domain and adjoint,notation_table_visually_checked,,,not_started,not_started,,ASCII key identifies the symbol; confirm exact types and context from the relevant chapter.
NOT-061,L2(D),平方可积空间,xii,13,Lp space,notation_table_visually_checked,,,not_started,not_started,,ASCII key identifies the symbol; confirm exact types and context from the relevant chapter.
NOT-062,"inner(f,g)",L2 内积,xii,13,Inner product,notation_table_visually_checked,,,not_started,not_started,,ASCII key identifies the symbol; confirm exact types and context from the relevant chapter.
NOT-063,angle(f),依上下文定义的平均,xii,13,Context-dependent average,notation_table_visually_checked,,,not_started,not_started,,ASCII key identifies the symbol; confirm exact types and context from the relevant chapter.
NOT-064,W(t),Wiener 过程,xiii,14,Stochastic process,notation_table_visually_checked,,,not_started,not_started,,ASCII key identifies the symbol; confirm exact types and context from the relevant chapter.
NOT-065,dW,Wiener 增量记法,xiii,14,"Stochastic integral, not ordinary differential",notation_table_visually_checked,,,not_started,not_started,,ASCII key identifies the symbol; confirm exact types and context from the relevant chapter.
NOT-066,"[A,B]",矩阵交换子,xiii,14,Matrix commutator,notation_table_visually_checked,,,not_started,not_started,,ASCII key identifies the symbol; confirm exact types and context from the relevant chapter.
NOT-067,"[L,M]",算子交换子,xiii,14,Operator commutator with domains,notation_table_visually_checked,,,not_started,not_started,,ASCII key identifies the symbol; confirm exact types and context from the relevant chapter.
NOT-068,[[ABC]],组合数值方法,xiii,14,Ordered composition,notation_table_visually_checked,,,not_started,not_started,,ASCII key identifies the symbol; confirm exact types and context from the relevant chapter.
NOT-069,"S{F,G}",向量场生成的 Lie 代数,xiii,14,Lie bracket and span,notation_table_visually_checked,,,not_started,not_started,,ASCII key identifies the symbol; confirm exact types and context from the relevant chapter.
NOT-070,clim,依分布收敛,xiii,14,Convergence in distribution,notation_table_visually_checked,,,not_started,not_started,,ASCII key identifies the symbol; confirm exact types and context from the relevant chapter.
NOT-071,l.i.m.,均方收敛,xiii,14,L2 convergence,notation_table_visually_checked,,,not_started,not_started,,ASCII key identifies the symbol; confirm exact types and context from the relevant chapter.
NOT-072,1_S,示性函数,xiii,14,Indicator function,notation_table_visually_checked,,,not_started,not_started,,ASCII key identifies the symbol; confirm exact types and context from the relevant chapter.
NOT-CH03-001,"{F,G}",正文canonical Poisson括号,102,124,Poisson bracket,body_original_page_visually_checked,MolecularDynamics.textbookPoissonBracket; MolecularDynamics.textbookPoissonBracket_coordinates,MolecularDynamics/Chapter03/LiePoisson.lean,responsible_signoff_pending,local_full_check_passed,,"Actual textbook J sign, genuine derivatives, full C2 Jacobi verified; p105 commutator discrepancy explicitly retained."
NOT-CH03-002,exp(XA) formal,正文非交换算子的形式指数,103--105,125--127,Formal operator exponential,body_original_pages_visually_checked,MolecularDynamics.textbookFormalOperatorExponential; MolecularDynamics.textbookFormalModifiedExponential,MolecularDynamics/Chapter03/FormalOperatorSeries.lean,responsible_signoff_pending,formal_coefficients_local_full_check_passed,,Actual PowerSeries coefficientwise exponential; genuine Cauchy product and finite coefficient stabilization. No analytic convergence or arbitrary bounded Lie operator claim.
NOT-CH04-001,g'(q)^T mu,正文约束梯度的有限乘子校正,159--160,181--182,Constrained momentum projection,body_original_pages_visually_checked,MolecularDynamics.textbookConstraintGradient; MolecularDynamics.textbookConstrainedMomentum; MolecularDynamics.textbookMultiConstrainedMomentum,MolecularDynamics/Chapter04/ConstrainedProjection.lean,responsible_signoff_pending,local_full_check_passed,,"Actual coordinate derivatives and finite sum; scalar Lemma4.1/restricted-chart pullback proved, not unrestricted ambient symplecticity."
NOT-CH04-002,G M^-1 G^T; mu,正文约束Gram矩阵与余切投影乘子,153;159,175;181,Constraint Gram and cotangent multiplier,body_original_pages_visually_checked,MolecularDynamics.textbookConstraintJacobian; MolecularDynamics.textbookConstraintGram; MolecularDynamics.textbookCotangentMultiplier;contDiffAt_textbookCotangentMultiplier;textbookGramProjectedEulerChart;textbookConstraintGram_posDef;textbookConstraintGram_det_pos,MolecularDynamics/Chapter04/CotangentProjection.lean,responsible_signoff_pending,actual_construction_and_C1_full_check_passed,,Actual derivatives/matrices/inverse formula and hidden constraints proved; actual Gram nondegeneracy explicit.; Actual C1 and constructed final stage accepted: 2026-10-05T04:38:36.2957845+08:00--2026-10-05T04:39:40.8062065+08:00退出0；9009jobs、零警告、599项审计声明仅基础三公理、92项输入稳定，固定版本/Scratch/扫描/公理全部通过; Physical nondegeneracy accepted: 2026-10-05T04:48:44.1034596+08:00--2026-10-05T04:49:48.0517441+08:00退出0；9010jobs、零警告、607项审计声明仅基础三公理、93项输入稳定，固定版本/Scratch/扫描/公理全部通过
NOT-CH04-003,"phi_j;lambda(q,p);G M^-1(F-G^T lambda)+phi",实际二阶曲率、实际Gram逆解约束反力与其真实平衡,152--153,174--175,necessary_body_notation,rendered_original_page_checked,textbookConstraintCurvature;textbookConstrainedReactionMultiplier;textbookConstrainedReaction_balance;contDiffAt_textbookConstrainedReactionMultiplier;textbookConstrainedPhaseVectorField,MolecularDynamics/Chapter04/ConstrainedReaction.lean;MolecularDynamics/Chapter04/ConstrainedReactionRegularity.lean,responsible_pending,actual_construction_full_check_passed,,2026-10-05T04:18:20.2240225+08:00--2026-10-05T04:24:21.6165953+08:00退出0；9008jobs、零警告、590项审计声明仅基础三公理、91项输入稳定，固定版本/Scratch/扫描/公理全部通过; no derivative or preservation conclusion supplied Actual curvature/reaction C1: 2026-10-05T06:15:34.5331632+08:00--2026-10-05T06:16:39.9062715+08:00退出0；9015jobs、零警告、637项审计声明仅基础三公理、98项输入稳定，固定版本/Scratch/扫描/公理全部通过
NOT-CH02-001,"Phi(t,z);D_z Phi(t,z)u;W(t)",固定初值参数的真实解族与初值方向导数/实际Jacobian曲线,79;154,101;176,necessary_body_notation,rendered_original_page_checked,textbookSolutionVariation;textbookHamiltonianFlowJacobian_hasDerivAt,MolecularDynamics/Chapter02/ActualFlowVariations.lean,responsible_pending,actual_joint_C2_model_full_check_passed,,"2026-10-05T05:08:50.8411815+08:00--2026-10-05T05:10:11.8761549+08:00退出0；9011jobs、零警告、613项审计声明仅基础三公理、94项输入稳定，固定版本/Scratch/扫描/公理全部通过; z fixed initial parameter, printed W moving-point notation review pending"
NOT-CH02-002,div f;volume Phi_t(S),实际Jacobian trace散度与真实Lebesgue可测像体积,72;78,94;100,necessary_body_notation,rendered_original_page_checked,textbookCoordinateJacobian;textbookMatrixDet_hasDerivAt_of_linearODE;textbookDivergenceFreeFlow_volume_image_of_jointC2;MeasureTheory.volume,MolecularDynamics/Chapter02/HamiltonianVolume.lean;MolecularDynamics/Chapter02/LiouvilleVolume.lean,responsible_pending,general_divergence_free_actual_joint_C2_model_full_check_passed,,2026-10-05T05:48:53.9967372+08:00--2026-10-05T05:50:00.0635697+08:00退出0；9013jobs、零警告、627项审计声明仅基础三公理、96项输入稳定，固定版本/Scratch/扫描/公理全部通过; actual derivative/multilinear det and actual Lebesgue image volume; weaker model construction pending
NOT-CH04-004,"dqi wedge dpi;D_parameter Phi(t,x)",标准二形式在真实初始参数图上的拉回及真实时间变化/约束流恒定,154--155,176--177,necessary_body_notation,rendered_original_page_checked,textbookCotangentChart;textbookSolutionVariation;textbookConstrainedFlow_pullback_constant_of_mass_and_independence,MolecularDynamics/Chapter04/ConstrainedFlowSymplectic.lean,responsible_pending,actual_joint_C2_constrained_model_full_check_passed,,"2026-10-05T06:15:34.5331632+08:00--2026-10-05T06:16:39.9062715+08:00退出0；9015jobs、零警告、637项审计声明仅基础三公理、98项输入稳定，固定版本/Scratch/扫描/公理全部通过; actual parameter directions, no ambient claim; initial constraints propagated from ODE"
NOT-CH06-001,W_DeltaW_S_K,实际Wiener NNReal时间过程、均匀时刻与实际增量平方和,229--230,250--251,probability_process_mean_square,rendered_original_page_checked,IsPreBrownianReal; textbookWienerTime; textbookWienerIncrement; textbookWienerQuadraticSum,MolecularDynamics/Chapter06/WienerQuadraticVariation.lean,responsible_pending,full_local_proof_passed,full-check01-WienerQuadraticVariation,实际模型law与矩/独立性/有限和证明；T=0允许，精确误差K>0，最终K趋于无穷；原笔误单独登记
NOT-CH06-002,lim_in_mean_square,l.i.m表示真实均方误差期望趋于零，有限划分精确误差2T²/K,229--230,250--251,probability_process_mean_square,rendered_original_page_checked,textbookWienerQuadraticSum_meanSquareError; textbookWienerQuadraticSum_meanSquare_tendsto; Filter.Tendsto,MolecularDynamics/Chapter06/WienerQuadraticVariation.lean,responsible_pending,full_local_proof_passed,full-check01-WienerQuadraticVariation,实际模型law与矩/独立性/有限和证明；T=0允许，精确误差K>0，最终K趋于无穷；原笔误单独登记
NOT-CH06-003,Ito_left_sum_self_and_finite_deterministic,真实左端点Wiener积分和、实际自身Ito均方极限与确定性有限和law,229--231,250--252,stochastic_integration,rendered_original_page_checked,textbookWienerSelfItoSum; textbookWienerSelfItoIntegral_exists; textbookWienerWeightedSum; textbookWienerWeightedSum_hasLaw; textbookWienerWeightedSum_difference_secondMoment,MolecularDynamics/Chapter06/WienerIntegration.lean,responsible_pending,self_ito_full_finite_deterministic_full_general_ito_pending,full-check01-WienerIntegration,真实L²可积性及均方极限存在构造；一般smooth g积分仍pending，不以有限law冒充
NOT-CH07-001,ST_TS_rho_invariant_distribution,真实Markov核作用与唯一不变概率分布、两种作用顺序的转换,299--300,320--321,probability_markov_invariance,rendered_original_page_checked,Kernel; Kernel.Invariant; Kernel.comp; Measure.bind; textbookUniqueInvariantProbability; textbookInvariantDistributionSwap,MolecularDynamics/Chapter07/InvariantDistributionSwap.lean,responsible_pending,full_local_markov_measure_proof_passed,full-check01-InvariantDistributionSwap,S∘ₖT先T再S；实际概率measure，目标转移不变性及两等式真推导；density表示与具体核ergodicity单独
