candidate_id,kind,printed_page_from_header,pdf_page_1based,excerpt_for_review,source_review,lean_declaration,semantic_review,proof_status,build_commit,dependencies,notes
"Theorem 1.1","Theorem","32","55","Theorem 1.1 If q/ETXis a strong local minimum of smooth potential U then z/ETXD .q/ETX;0/ is stable. The proof of this theorem relies on showing that if trajectories are started from a point sufﬁciently close toz/ETXthey","original_page_visually_checked_20261004","MolecularDynamics.strictPotentialMin_futureStableEuclidean_of_smooth","local_statement_reviewed_responsible_signoff_pending","complete_proof_local_full_check_passed","","Compact finite continuation; energy barrier; C2 gradient; connected uniqueness; Euclidean phase-distance bridge","Positive fixed diagonal masses; open Q; smooth potential; bounded distance range and strict all-future sSup; full-check03 2026-10-04 06:10:29; new remote CI not run; whole chapter/book not complete."
Theorem 2.1,Theorem,56,78,"Theorem 2.1 Let D be a bounded, open region in R m such that f W D! Rm is continuously differentiable. Let/DLEbe an interior point of D and suppose the initial value problem ( 2.1) has a unique solution that remains in D",heading_candidate_context_checked,,not_started,not_started,,,Automatic heading candidate; verify visually before counting as an item.
Theorem 2.1,Theorem,94,116,Theorem 2.1.,reference_not_new_statement,,not_started,not_started,,,Automatic heading candidate; verify visually before counting as an item.
Theorem 3.1,Theorem,114,136,"Theorem 3.1 Suppose the Hamiltonian H and modiﬁed Hamiltonian NHk are smooth functions globally deﬁned on a convex, compact subset B of R2Nc and suppose that the exact solution and numerical approximations (for h sufﬁcie",heading_candidate_context_checked,,not_started,not_started,,,Automatic heading candidate; verify visually before counting as an item.
Lemma 4.1,Lemma,159,181,Lemma 4.1 Let/CRW RNc ! R be C2.L e tq; p2 RNc be constrained to the manifold deﬁned by /CR.q/D0; p/SOHr/CR.q/D0; and suppose P;/SYNsatisfy PD p/NUL/SYNr/CR.q/: Then NcX jD1 dqj^ dPjD NcX jD1 dqj^ dpj:,heading_candidate_context_checked,,not_started,not_started,,,Automatic heading candidate; verify visually before counting as an item.
Theorem 5.1,Theorem,208,229,"Theorem 5.1 Let H.q; p/ and QH.q; p/D H.q; p/C""/DC1.q; p/ be two Hamiltonian functions. Suppose the energy surface ˙ E Df .q; p/jH.q; p/D Eg to be compact and deﬁne the perturbed energy surface by Q˙ E Df .q; p/jQH.q; p/",heading_candidate_context_checked,,not_started,not_started,,,Automatic heading candidate; verify visually before counting as an item.
Proposition 6.1,Proposition,222,243,"Proposition 6.1 Let H be a Hamiltonian deﬁned on the phase space R2Nc and suppose G W R2Nc ! R2Nc i sas m o o t h( C1) vector ﬁeld with the following properties: • 0< jAvˇ .G/SOHrH/j<1, • 0< Avˇ .r/SOHG/< 1, • jGe/NULˇ H",heading_candidate_context_checked,,not_started,not_started,,,Automatic heading candidate; verify visually before counting as an item.
Proposition 6.2,Proposition,229,250,"Proposition 6.2 Let/ETBıtD/FSthen l:i:m: /ETB!1 /ETB/NUL1X kD0 h .W..kC1/ı t//NULW.kı t//2 i D/FS; where, for a sequence of random variables, A/ETBand a random variable B, we have l:i:m:/ETB!1A/ETBD B, lim/ETB!1E.A/ETB/N",heading_candidate_context_checked,,not_started,not_started,,,Automatic heading candidate; verify visually before counting as an item.
Proposition 6.3,Proposition,231,252,"Proposition 6.3 Let g be a smooth deterministic function and W.t/ aW i e n e r process. The stochastic integral Y.t/ D R t 0 g.s/dW.s/ is, for all times t /NAK0,a normally distributed random variable such that E.Y.t//D0;",heading_candidate_context_checked,,not_started,not_started,,,Automatic heading candidate; verify visually before counting as an item.
Theorem 6.1,Theorem,250,271,Theorem 6.1 Deﬁne the generator of Brownian dynamics by Lf def D/NULM/NUL1rUTrfCˇ /NUL1/c129Mf:,heading_candidate_context_checked,,not_started,not_started,,,Automatic heading candidate; verify visually before counting as an item.
Theorem 6.2,Theorem,252,273,"Theorem 6.2 (Geometric Ergodicity) Let the solution to (6.43) be denoted X.t/. If Assumption 1 and Assumption 2 are satisﬁed for CDfX 2 Dj/RS.X//DC4K˛;ı g; where K˛;ı is a particular positive value depending on˛ andı ,t",heading_candidate_context_checked,,not_started,not_started,,,Automatic heading candidate; verify visually before counting as an item.
Lemma 6.1,Lemma,255,276,"Lemma 6.1 For all t>0 and all open C/SUBD, we have that Pr.X.t/2 Cj X.0/D X0/>0; 8X02 D; where X.t/D.q.t/; p.t//T is a solution to Langevin dynamics (6.47). Proof It is sufﬁcient to show that the open ball of radiusı cen",heading_candidate_context_checked,,not_started,not_started,,,Automatic heading candidate; verify visually before counting as an item.
Proposition 6.4,Proposition,257,278,"Proposition 6.4 Let U be C 1 on the position domain QD TNc and suppose g2 H1./SYN/satisﬁes Z D gd/SYNˇ D0; where/SYNˇ is the canonical measure, then the Poisson equation L/c142 LD' D g has a solution' 2 H1./SYN/which is",heading_candidate_context_checked,,not_started,not_started,,,Automatic heading candidate; verify visually before counting as an item.
Proposition 7.1,Proposition,297,318,"Proposition 7.1 Let L /c142 X, L/c142 Y and L/c142 Z be general operators to which BCH can be applied, then deﬁning eh OL/c142 D e h 2 L/c142 X e h 2 L/c142 Y ehL/c142 Z e h 2 L/c142 Y e h 2 L/c142 X ; (7.26) gives OL/c1",heading_candidate_context_checked,,not_started,not_started,,,Automatic heading candidate; verify visually before counting as an item.
Proposition 7.1,Proposition,298,319,"Proposition 7.1, we can see that our life is made considerably easier if we initially consider methods /llbracketOYZYO/rrbracket, which substitutes L/c142 X D L/c142 O; L/c142 YC L/c142 Z D L/c142 AC L/c142 BD L/c142 H;",reference_not_new_statement,,not_started,not_started,,,Automatic heading candidate; verify visually before counting as an item.
Lemma 7.1,Lemma,299,320,"Lemma 7.1 Consider two numerical schemes with associated operators governing the evolution of measureST and TS , with unique associated invariant distributions O/SUB ST andO/SUBTS respectively, such that STO/SUBST DO/SUB",heading_candidate_context_checked,,not_started,not_started,,,Automatic heading candidate; verify visually before counting as an item.
Proposition 8.1,Proposition,338,359,"Proposition 8.1 (Thermostats are Additive) Suppose we are given two ther- mostats, PzD JrHC˚ 1./CAN; z/; P/CAND g1./CAN; z/; with stationary densityO/SUB1./CAN//SUBˇ , and another PzD JrHC˚ 2./DC1; z/; P/DC1D g2./DC1; z/",heading_candidate_context_checked,,not_started,not_started,,,Automatic heading candidate; verify visually before counting as an item.
Proposition 8.2,Proposition,344,365,"Proposition 8.2 If the Lie algebra generated by F and G in (8.25) spans Rm,t h e n the Hörmander condition holds for the system (8.25)–(8.26). Proof First observe that the premise holds if and only if the Lie algebra of",heading_candidate_context_checked,,not_started,not_started,,,Automatic heading candidate; verify visually before counting as an item.
Theorem 8.1,Theorem,346,367,"Theorem 8.1 If A is symmetric positive deﬁnite and has distinct eigenvalues, then (8.30)–(8.32) satisﬁes the Hörmander condition on D/STXR.",heading_candidate_context_checked,,not_started,not_started,,,Automatic heading candidate; verify visually before counting as an item.
Lemma 8.1,Lemma,347,368,"Lemma 8.1 For kD1;2;::: , CkD /DC4Ak/NUL1p Akq /NAK 2 SfF; Gg; and DkD /DC4Akq /NULAkp /NAK 2 SfF; Gg: The proof of this is straightforward by induction on k.( S e ee x e r c i s e s . ) The conclusion of the proof of th",heading_candidate_context_checked,,not_started,not_started,,,Automatic heading candidate; verify visually before counting as an item.
Proposition 8.3,Proposition,347,368,"Proposition 8.3 Assume A to be a symmetric positive deﬁnite matrix with distinct eigenvalues, and let Ck, Dk be deﬁned as in Lemma 8.1, then the 2Nc vectors C1; D1; C2; D2;:::; CNc; DNc form a linearly independent set on",heading_candidate_context_checked,,not_started,not_started,,,Automatic heading candidate; verify visually before counting as an item.
