item_id,statement_status,assumptions,textbook_correspondence,api_status,open_issue,proof_status,lean_declaration,dependencies,source_pages,semantic_review_status
T1-I1,pending_review,,,not_checked,,not_started,,,print18-19_pdf41-42,pending
T1-I2,pending_review,,,not_checked,,not_started,,,print18-19_pdf41-42,pending
T1-M1,pending_review,,,not_checked,,not_started,,,print18-19_pdf41-42,pending
T1-M2,pending_review,,,not_checked,,not_started,,,print18-19_pdf41-42,pending
T1-M3,pending_review,,,not_checked,,not_started,,,print18-19_pdf41-42,pending
T1-E1,pending_review,,,not_checked,,not_started,,,print18-19_pdf41-42,pending
T1-P1,pending_review,,,not_checked,,not_started,,,print18-19_pdf41-42,pending
T1-P2,pending_review,,,not_checked,,not_started,,,print18-19_pdf41-42,pending
T1-P3,pending_review,,,not_checked,,not_started,,,print18-19_pdf41-42,pending
T1-P4,pending_review,,,not_checked,,not_started,,,print18-19_pdf41-42,pending
T1-P5,pending_review,,,not_checked,,not_started,,,print18-19_pdf41-42,pending
